Title,Author,Price,Rating,Link
N/A,N/A,N/A,N/A,
If He Had Been with Me,Laura Nowlin,$7.27,4.2 out of 5 stars,
Lessons from the Greatest Stock Traders of All Time: Proven Strategies Active Traders Can Use Today to Beat the Markets,John Boik,$14.73,4.7 out of 5 stars,
How Legendary Traders Made Millions: Profiting From the Investment Strategies of the Gretest Traders of All time,John Boik,$15.55,4.6 out of 5 stars,
N/A,N/A,N/A,N/A,
The Outsiders,S. E. Hinton,$9.49,4.7 out of 5 stars,
"Life Skills for Kids: How to Cook, Clean, Make Friends, Handle Emergencies, Set Goals, Make Good Decisions, and Everything in Between",Karen Harris,$11.29,4.5 out of 5 stars,
"Monster Stocks: How They Set Up, Run Up, Top and Make You Money",John Boik,$31.36,4.3 out of 5 stars,
Monster Stock Lessons: 2020-2021,John Boik,$18.95,4.2 out of 5 stars,
I Love You More - Children's Padded Board Book,Little Hippo Books,$9.05,4.9 out of 5 stars,
The Silent Patient,Audible Audiobook,$0.00,4.4 out of 5 stars,
Diary of a Schizophrenic,Bethany Boik,$17.93,5.0 out of 5 stars,
Love Is a Mental Illness,Franco Cardiello,$9.99,4.4 out of 5 stars,
Cancer & Natural Medicine: A Textbook of Basic Science and Clinical Research,John Boik,N/A,5.0 out of 5 stars,
Listening to My Body: A guide to helping kids understand the connection between their sensations (what the heck are those?) and feelings so that they can get better at figuring out what they need.,Gabi Garcia,$11.66,4.7 out of 5 stars,
I Love You to the Moon and Back,Amelia Hepworth,$4.20,4.9 out of 5 stars,
Burn After Writing,Sharon Jones,$7.39,4.6 out of 5 stars,
"The Old Fashioned Christmas Coloring Book: Coloring Book For Adults Men Women To Stress Relief With 30+ Illustrations, Great Gift For Mom Dad Have Christmas Birthday",David JH Dylan,$7.99,N/A,
The Sales Skills Book: A Concise Introduction to the Art of Selling,Gerald Zankl,$14.99,4.9 out of 5 stars,
"A1 Coaching Plan - Tactics Of The World's Highest-Paid Coach: Build 7-Figure Coaching, Consulting, Or Any Other Expert Business",Mr Magic Leone,$18.99,4.6 out of 5 stars,
A Game Most Foul,Alison Gervais,$10.99,3.7 out of 5 stars,
N/A,N/A,N/A,N/A,
N/A,N/A,N/A,N/A,
N/A,Visit the help section,N/A,N/A,
N/A,N/A,N/A,N/A,
N/A,N/A,N/A,N/A,
N/A,N/A,N/A,N/A,
The Sales Skills Book: A Concise Introduction to the Art of Selling,Gerald Zankl,$14.99,4.9 out of 5 stars,
Get Scalable: The Operating System Your Business Needs To Run and Scale Without You,Ryan Deiss,$16.99,4.6 out of 5 stars,
Sandplay Therapy: A Step-by-Step Manual for Psychotherapists of Diverse Orientations (Norton Professional Books),Barbara Labovitz Boik,$26.75,4.6 out of 5 stars,
Natural Compounds in Cancer Therapy: Promising Nontoxic Antitumor Agents From Plants & Other Natural Sources,John C. Boik,$32.00,4.6 out of 5 stars,
ABC & 123 Learning Songs: Interactive Children's Sound Book (11 Button Sound) (11 Button Sound Book),Scarlett Wing,$11.49,4.6 out of 5 stars,
N/A,N/A,N/A,N/A,
Burn After Writing,Sharon Jones,$7.39,4.6 out of 5 stars,
Economic Direct Democracy: A Framework to End Poverty and Maximize Well-Being,John C. Boik,$9.99,4.3 out of 5 stars,
"Steve Irwin (Little People, BIG DREAMS, 104)",Maria Isabel Sanchez Vegara,$12.24,4.8 out of 5 stars,
"What May Seem True, May Not Be, Or Is It?: 11 Unusual Short Stories",R L Boik,$7.99,5.0 out of 5 stars,
"Understanding the North Korea problem : why it has become the ""land of lousy options"" / William Boik. 2011 [Leather Bound]",William A. Boik,$15.69,3.5 out of 5 stars,
Lucas' Birthday Party,Kindle,$8.95,N/A,
Crossword Puzzles Skill Improving Boik,Paperback,$45.00,N/A,
Beginning Band Book 3,Paperback,$12.99,N/A,
Jan Karon's Mitford Cookbook and Kitchen Reader,Jan Karon,$24.01,4.8 out of 5 stars,
Leçons des maîtres de la Bourse,John Boik,$45.68,5.0 out of 5 stars,
Worth Dying For: A Navy Seal's Call to a Nation,Audible Audiobook,$0.00,4.6 out of 5 stars,
The Jazz Harmony Book,David Berkman,$34.00,4.7 out of 5 stars,
"Boom!: Leadership that Breaks Barriers, Challenges Convention, and Ignites Innovation","John ""Dragon"" Teichert",$22.00,5.0 out of 5 stars,
N/A,N/A,N/A,N/A,
N/A,N/A,N/A,N/A,
N/A,Visit the help section,N/A,N/A,
N/A,N/A,N/A,N/A,
N/A,N/A,N/A,N/A,
The Sales Skills Book: A Concise Introduction to the Art of Selling,Gerald Zankl,$14.99,4.9 out of 5 stars,
Get Scalable: The Operating System Your Business Needs To Run and Scale Without You,Ryan Deiss,$24.93,4.6 out of 5 stars,
Worth Dying For: A Navy Seal's Call to a Nation,Audible Audiobook,$0.00,4.6 out of 5 stars,
Jan Karon's Mitford Cookbook and Kitchen Reader,Jan Karon,$24.01,4.8 out of 5 stars,
The African Grey Parrot Handbook (Barron's Pet Handbooks),Mattie Sue Athan,N/A,4.7 out of 5 stars,
N/A,N/A,N/A,N/A,
N/A,N/A,N/A,N/A,
OÌ„gon no okite : Hasan kaihijutsu,John Boik; Toshiaki Suzuki,$15.21,4.1 out of 5 stars,
The Jazz Harmony Book,David Berkman,$34.00,4.7 out of 5 stars,
Play Something Dancy,Dee Simon,$4.99,4.0 out of 5 stars,
"The Storm Sister: The Seven Sisters, Book 2",Audible Audiobook,$0.00,4.5 out of 5 stars,
CROSSWORD PUZZLE BOOK : 4,Paperback,$25.00,N/A,
Back to school,Paperback,$50.00,N/A,
Whiskers & Colors: A Mouse Coloring Adventur,Paperback,$30.00,N/A,
Talanti Boik³vshini. Na Ukrainskom Iazyke.,Hardcover,N/A,N/A,
all are good : game book,Kindle Edition,$0.99,N/A,
The Hour Of Positive Change : Words That Energized The Future,Chrissaint  Trivett,$3.95,N/A,
Maurya Crossword Puzzle Book,Paperback,$25.00,N/A,
"Perezhite osobisto, abo M³tla. Na Ukrainskom Iazyke. Spogadi.",Hardcover,N/A,N/A,
"MILA KUNIS: A Star Journey From Ukraine To Hollywood, Biography, Early Life, And Achievement (America Actress Biography Book 13)",Kindle,$6.00,N/A,
N/A,N/A,N/A,N/A,
N/A,N/A,N/A,N/A,
N/A,Visit the help section,N/A,N/A,
N/A,N/A,N/A,N/A,
The Sales Skills Book: A Concise Introduction to the Art of Selling,Gerald Zankl,$14.99,4.9 out of 5 stars,
Make 'Em Beg to Buy From You: 5 Preselling Secrets to Take Even Complete Strangers From Cold to Sold Before You Ever Make an Offer,Travis Sago,$19.99,4.7 out of 5 stars,
Happy child coloring book: activity book for children age 2-4,Paperback,$9.79,N/A,
"Animals drawing and coloring book for kids: A coloring and drawing book 100 pages for 3-10 year olds with 50 great animals to color and draw, for little boys and girls",Paperback,$10.00,N/A,
Happy days,Paperback,$23.00,N/A,
N/A,N/A,N/A,N/A,
Kids drawing book,Paperback,$55.00,N/A,
"Animal coloring book for Kids, Over 100 Happy Animal Scenes coloring pages, Wild Animals, Domestic Animals, Sea Creatures, Birds and Insects.",Le Chat,$5.14,N/A,
Silly Billy Goes Fishing: short kids stories bedtime tale for children (Silly Billy The Big Bad Wolf),Beata Noemi Balint,$9.80,5.0 out of 5 stars,
Kl³n³chna b³okh³m³ia. Na Ukrainskom Iazyke. Kurs Lekts³i Dlia Student³v Vishikh Navchal'nikh Medichnikh Zaklad³v.,Hardcover,N/A,N/A,
Discerning the Voice of God: How to Recognize When He Speaks,Priscilla Shirer,$8.07,4.8 out of 5 stars,
Something Real,J.J. Murray,$3.99,4.2 out of 5 stars,
CNOR Exam Secrets Study Guide: CNOR Test Review for the CNOR Exam,Paperback,$103.49,4.4 out of 5 stars,
"A1 Coaching Plan - Tactics Of The World's Highest-Paid Coach: Build 7-Figure Coaching, Consulting, Or Any Other Expert Business",Mr Magic Leone,$18.99,4.6 out of 5 stars,
Get Scalable: The Operating System Your Business Needs To Run and Scale Without You,Ryan Deiss,$24.93,4.6 out of 5 stars,
N/A,N/A,N/A,N/A,
N/A,N/A,N/A,N/A,
N/A,Visit the help section,N/A,N/A,
N/A,N/A,N/A,N/A,
The Sales Skills Book: A Concise Introduction to the Art of Selling,Gerald Zankl,$14.99,4.9 out of 5 stars,
Get Scalable: The Operating System Your Business Needs To Run and Scale Without You,Ryan Deiss,$24.93,4.6 out of 5 stars,
N/A,N/A,N/A,N/A,
A Game Most Foul (Blink),Alison Gervais,$14.20,3.7 out of 5 stars,
"A1 Coaching Plan - Tactics Of The World's Highest-Paid Coach: Build 7-Figure Coaching, Consulting, Or Any Other Expert Business",Mr Magic Leone,$18.99,4.6 out of 5 stars,
N/A,N/A,N/A,N/A,
N/A,Visit the help section,N/A,N/A,
N/A,N/A,N/A,N/A,
The Sales Skills Book: A Concise Introduction to the Art of Selling,Gerald Zankl,$14.99,4.9 out of 5 stars,
Get Scalable: The Operating System Your Business Needs To Run and Scale Without You,Ryan Deiss,$24.93,4.6 out of 5 stars,
N/A,N/A,N/A,N/A,
"ABC's for Boys (Alphabet Book, Baby Book, Children's Book, Toddler Book)",Michael Kracht,$13.47,4.8 out of 5 stars,
"A1 Coaching Plan - Tactics Of The World's Highest-Paid Coach: Build 7-Figure Coaching, Consulting, Or Any Other Expert Business",Mr Magic Leone,$9.99,4.6 out of 5 stars,
"Jesse True Collection, Books 1-4: The Power of Emotions & How to Deal with Big Feelings",Paperback,$14.21,4.5 out of 5 stars,
N/A,N/A,N/A,N/A,
N/A,Visit the help section,N/A,N/A,
N/A,N/A,N/A,N/A,
N/A,N/A,N/A,N/A,
The Sales Skills Book: A Concise Introduction to the Art of Selling,Gerald Zankl,$14.99,4.9 out of 5 stars,
Get Scalable: The Operating System Your Business Needs To Run and Scale Without You,Ryan Deiss,$24.93,4.6 out of 5 stars,
N/A,N/A,N/A,N/A,
"A1 Coaching Plan - Tactics Of The World's Highest-Paid Coach: Build 7-Figure Coaching, Consulting, Or Any Other Expert Business",Mr Magic Leone,$18.99,4.6 out of 5 stars,
A Game Most Foul (Blink),Alison Gervais,$14.20,3.7 out of 5 stars,
More Than a Hashtag,Kindle Edition,$5.99,4.7 out of 5 stars,
N/A,N/A,N/A,N/A,
N/A,Visit the help section,N/A,N/A,
N/A,N/A,N/A,N/A,
The Sales Skills Book: A Concise Introduction to the Art of Selling,Gerald Zankl,$14.99,4.9 out of 5 stars,
Get Scalable: The Operating System Your Business Needs To Run and Scale Without You,Ryan Deiss,$24.93,4.6 out of 5 stars,
N/A,N/A,N/A,N/A,
A Game Most Foul (Blink),Alison Gervais,$14.20,3.7 out of 5 stars,
"A1 Coaching Plan - Tactics Of The World's Highest-Paid Coach: Build 7-Figure Coaching, Consulting, Or Any Other Expert Business",Mr Magic Leone,$18.99,4.6 out of 5 stars,
N/A,N/A,N/A,N/A,
N/A,Visit the help section,N/A,N/A,
N/A,N/A,N/A,N/A,
The Sales Skills Book: A Concise Introduction to the Art of Selling,Gerald Zankl,$14.99,4.9 out of 5 stars,
Get Scalable: The Operating System Your Business Needs To Run and Scale Without You,Ryan Deiss,$24.93,4.6 out of 5 stars,
N/A,N/A,N/A,N/A,
N/A,N/A,N/A,N/A,
"A1 Coaching Plan - Tactics Of The World's Highest-Paid Coach: Build 7-Figure Coaching, Consulting, Or Any Other Expert Business",Mr Magic Leone,$18.99,4.6 out of 5 stars,
A Game Most Foul (Blink),Alison Gervais,$14.20,3.7 out of 5 stars,
N/A,N/A,N/A,N/A,
N/A,Visit the help section,N/A,N/A,
N/A,N/A,N/A,N/A,N/A
If He Had Been with Me,Laura Nowlin,$7.27,4.2 out of 5 stars,https://www.amazon.com/If-He-Had-Been-Me/dp/1728205484/ref=sr_1_1?dib=eyJ2IjoiMSJ9.0gCsINxCIfh2bSsS85KJRDB2WBcH8GUPBtvVYmBMORVezYhOwAP6oHsHZ5hgX_m6ush6TEbpnaSAP_rpb_uM_20fGyM5FrqKBRPnQ7ySDZBKZFsAEPVqPGgOAXg8M0ulJZ-ZPVIOJByjxyWU4f2BMkTXXf-8WgYAY1Gas29N4RByXnpD0Sm64_gk25fZVYAZkooNoF2UIyTU6rDYULOkqBimGigo-B_eFAXbFEgflGI.zgX2FqZgmFYwnEJ85RzO4r9H_lL8eUcYJLhqjrnfNKg&dib_tag=se&keywords=boiks&qid=1725445019&sr=8-1
Lessons from the Greatest Stock Traders of All Time: Proven Strategies Active Traders Can Use Today to Beat the Markets,John Boik,$14.73,4.7 out of 5 stars,https://www.amazon.com/Lessons-Greatest-Stock-Traders-Time/dp/0071437886/ref=sr_1_2?dib=eyJ2IjoiMSJ9.0gCsINxCIfh2bSsS85KJRDB2WBcH8GUPBtvVYmBMORVezYhOwAP6oHsHZ5hgX_m6ush6TEbpnaSAP_rpb_uM_20fGyM5FrqKBRPnQ7ySDZBKZFsAEPVqPGgOAXg8M0ulJZ-ZPVIOJByjxyWU4f2BMkTXXf-8WgYAY1Gas29N4RByXnpD0Sm64_gk25fZVYAZkooNoF2UIyTU6rDYULOkqBimGigo-B_eFAXbFEgflGI.zgX2FqZgmFYwnEJ85RzO4r9H_lL8eUcYJLhqjrnfNKg&dib_tag=se&keywords=boiks&qid=1725445019&sr=8-2
How Legendary Traders Made Millions: Profiting From the Investment Strategies of the Gretest Traders of All time,John Boik,$15.55,4.6 out of 5 stars,https://www.amazon.com/How-Legendary-Traders-Made-Millions-ebook/dp/B000JMKQNU/ref=sr_1_3?dib=eyJ2IjoiMSJ9.0gCsINxCIfh2bSsS85KJRDB2WBcH8GUPBtvVYmBMORVezYhOwAP6oHsHZ5hgX_m6ush6TEbpnaSAP_rpb_uM_20fGyM5FrqKBRPnQ7ySDZBKZFsAEPVqPGgOAXg8M0ulJZ-ZPVIOJByjxyWU4f2BMkTXXf-8WgYAY1Gas29N4RByXnpD0Sm64_gk25fZVYAZkooNoF2UIyTU6rDYULOkqBimGigo-B_eFAXbFEgflGI.zgX2FqZgmFYwnEJ85RzO4r9H_lL8eUcYJLhqjrnfNKg&dib_tag=se&keywords=boiks&qid=1725445019&sr=8-3
N/A,N/A,N/A,N/A,N/A
The Outsiders,S. E. Hinton,$9.49,4.7 out of 5 stars,https://www.amazon.com/Outsiders-S-Hinton/dp/014240733X/ref=sr_1_4?dib=eyJ2IjoiMSJ9.0gCsINxCIfh2bSsS85KJRDB2WBcH8GUPBtvVYmBMORVezYhOwAP6oHsHZ5hgX_m6ush6TEbpnaSAP_rpb_uM_20fGyM5FrqKBRPnQ7ySDZBKZFsAEPVqPGgOAXg8M0ulJZ-ZPVIOJByjxyWU4f2BMkTXXf-8WgYAY1Gas29N4RByXnpD0Sm64_gk25fZVYAZkooNoF2UIyTU6rDYULOkqBimGigo-B_eFAXbFEgflGI.zgX2FqZgmFYwnEJ85RzO4r9H_lL8eUcYJLhqjrnfNKg&dib_tag=se&keywords=boiks&qid=1725445019&sr=8-4
"Life Skills for Kids: How to Cook, Clean, Make Friends, Handle Emergencies, Set Goals, Make Good Decisions, and Everything in Between",Karen Harris,$11.29,4.5 out of 5 stars,https://www.amazon.com/Life-Skills-Kids-Emergencies-Everything/dp/1951806441/ref=sr_1_5?dib=eyJ2IjoiMSJ9.0gCsINxCIfh2bSsS85KJRDB2WBcH8GUPBtvVYmBMORVezYhOwAP6oHsHZ5hgX_m6ush6TEbpnaSAP_rpb_uM_20fGyM5FrqKBRPnQ7ySDZBKZFsAEPVqPGgOAXg8M0ulJZ-ZPVIOJByjxyWU4f2BMkTXXf-8WgYAY1Gas29N4RByXnpD0Sm64_gk25fZVYAZkooNoF2UIyTU6rDYULOkqBimGigo-B_eFAXbFEgflGI.zgX2FqZgmFYwnEJ85RzO4r9H_lL8eUcYJLhqjrnfNKg&dib_tag=se&keywords=boiks&qid=1725445019&sr=8-5
"Monster Stocks: How They Set Up, Run Up, Top and Make You Money",John Boik,$31.36,4.3 out of 5 stars,https://www.amazon.com/Monster-Stocks-They-Make-Money/dp/0071494715/ref=sr_1_6?dib=eyJ2IjoiMSJ9.0gCsINxCIfh2bSsS85KJRDB2WBcH8GUPBtvVYmBMORVezYhOwAP6oHsHZ5hgX_m6ush6TEbpnaSAP_rpb_uM_20fGyM5FrqKBRPnQ7ySDZBKZFsAEPVqPGgOAXg8M0ulJZ-ZPVIOJByjxyWU4f2BMkTXXf-8WgYAY1Gas29N4RByXnpD0Sm64_gk25fZVYAZkooNoF2UIyTU6rDYULOkqBimGigo-B_eFAXbFEgflGI.zgX2FqZgmFYwnEJ85RzO4r9H_lL8eUcYJLhqjrnfNKg&dib_tag=se&keywords=boiks&qid=1725445019&sr=8-6
Monster Stock Lessons: 2020-2021,John Boik,$18.95,4.2 out of 5 stars,https://www.amazon.com/Monster-Stock-Lessons-John-Boik/dp/B09V561YJV/ref=sr_1_7?dib=eyJ2IjoiMSJ9.0gCsINxCIfh2bSsS85KJRDB2WBcH8GUPBtvVYmBMORVezYhOwAP6oHsHZ5hgX_m6ush6TEbpnaSAP_rpb_uM_20fGyM5FrqKBRPnQ7ySDZBKZFsAEPVqPGgOAXg8M0ulJZ-ZPVIOJByjxyWU4f2BMkTXXf-8WgYAY1Gas29N4RByXnpD0Sm64_gk25fZVYAZkooNoF2UIyTU6rDYULOkqBimGigo-B_eFAXbFEgflGI.zgX2FqZgmFYwnEJ85RzO4r9H_lL8eUcYJLhqjrnfNKg&dib_tag=se&keywords=boiks&qid=1725445019&sr=8-7
I Love You More - Children's Padded Board Book,Little Hippo Books,$9.05,4.9 out of 5 stars,https://www.amazon.com/Love-You-More-Childrens-Padded/dp/1951356136/ref=sr_1_8?dib=eyJ2IjoiMSJ9.0gCsINxCIfh2bSsS85KJRDB2WBcH8GUPBtvVYmBMORVezYhOwAP6oHsHZ5hgX_m6ush6TEbpnaSAP_rpb_uM_20fGyM5FrqKBRPnQ7ySDZBKZFsAEPVqPGgOAXg8M0ulJZ-ZPVIOJByjxyWU4f2BMkTXXf-8WgYAY1Gas29N4RByXnpD0Sm64_gk25fZVYAZkooNoF2UIyTU6rDYULOkqBimGigo-B_eFAXbFEgflGI.zgX2FqZgmFYwnEJ85RzO4r9H_lL8eUcYJLhqjrnfNKg&dib_tag=se&keywords=boiks&qid=1725445019&sr=8-8
The Silent Patient,Audible Audiobook,$0.00,4.4 out of 5 stars,https://www.amazon.com/kindle-dbs/books-category/browse-redirect/?ref=ess_dp_epicks&node=17276798011
Love Is a Mental Illness,Franco Cardiello,$9.99,4.4 out of 5 stars,https://www.amazon.com/Love-Mental-Illness-Franco-Cardiello/dp/B09TV571B3/ref=sr_1_10?dib=eyJ2IjoiMSJ9.0gCsINxCIfh2bSsS85KJRDB2WBcH8GUPBtvVYmBMORVezYhOwAP6oHsHZ5hgX_m6ush6TEbpnaSAP_rpb_uM_20fGyM5FrqKBRPnQ7ySDZBKZFsAEPVqPGgOAXg8M0ulJZ-ZPVIOJByjxyWU4f2BMkTXXf-8WgYAY1Gas29N4RByXnpD0Sm64_gk25fZVYAZkooNoF2UIyTU6rDYULOkqBimGigo-B_eFAXbFEgflGI.zgX2FqZgmFYwnEJ85RzO4r9H_lL8eUcYJLhqjrnfNKg&dib_tag=se&keywords=boiks&qid=1725445019&sr=8-10
Diary of a Schizophrenic,Bethany Boik,$17.93,5.0 out of 5 stars,https://www.amazon.com/Diary-Schizophrenic-Bethany-Boik/dp/1956879420/ref=sr_1_11?dib=eyJ2IjoiMSJ9.0gCsINxCIfh2bSsS85KJRDB2WBcH8GUPBtvVYmBMORVezYhOwAP6oHsHZ5hgX_m6ush6TEbpnaSAP_rpb_uM_20fGyM5FrqKBRPnQ7ySDZBKZFsAEPVqPGgOAXg8M0ulJZ-ZPVIOJByjxyWU4f2BMkTXXf-8WgYAY1Gas29N4RByXnpD0Sm64_gk25fZVYAZkooNoF2UIyTU6rDYULOkqBimGigo-B_eFAXbFEgflGI.zgX2FqZgmFYwnEJ85RzO4r9H_lL8eUcYJLhqjrnfNKg&dib_tag=se&keywords=boiks&qid=1725445019&sr=8-11
Cancer & Natural Medicine: A Textbook of Basic Science and Clinical Research,John Boik,N/A,5.0 out of 5 stars,https://www.amazon.com/Cancer-Natural-Medicine-Textbook-Clinical/dp/0964828006/ref=sr_1_12?dib=eyJ2IjoiMSJ9.0gCsINxCIfh2bSsS85KJRDB2WBcH8GUPBtvVYmBMORVezYhOwAP6oHsHZ5hgX_m6ush6TEbpnaSAP_rpb_uM_20fGyM5FrqKBRPnQ7ySDZBKZFsAEPVqPGgOAXg8M0ulJZ-ZPVIOJByjxyWU4f2BMkTXXf-8WgYAY1Gas29N4RByXnpD0Sm64_gk25fZVYAZkooNoF2UIyTU6rDYULOkqBimGigo-B_eFAXbFEgflGI.zgX2FqZgmFYwnEJ85RzO4r9H_lL8eUcYJLhqjrnfNKg&dib_tag=se&keywords=boiks&qid=1725445019&sr=8-12
Listening to My Body: A guide to helping kids understand the connection between their sensations (what the heck are those?) and feelings so that they can get better at figuring out what they need.,Gabi Garcia,$11.66,4.7 out of 5 stars,https://www.amazon.com/Listening-Body-understand-connection-sensations/dp/099895800X/ref=sr_1_13?dib=eyJ2IjoiMSJ9.0gCsINxCIfh2bSsS85KJRDB2WBcH8GUPBtvVYmBMORVezYhOwAP6oHsHZ5hgX_m6ush6TEbpnaSAP_rpb_uM_20fGyM5FrqKBRPnQ7ySDZBKZFsAEPVqPGgOAXg8M0ulJZ-ZPVIOJByjxyWU4f2BMkTXXf-8WgYAY1Gas29N4RByXnpD0Sm64_gk25fZVYAZkooNoF2UIyTU6rDYULOkqBimGigo-B_eFAXbFEgflGI.zgX2FqZgmFYwnEJ85RzO4r9H_lL8eUcYJLhqjrnfNKg&dib_tag=se&keywords=boiks&qid=1725445019&sr=8-13
I Love You to the Moon and Back,Amelia Hepworth,$4.20,4.9 out of 5 stars,https://www.amazon.com/I-Love-You-Moon-Back/dp/1589255518/ref=sr_1_14?dib=eyJ2IjoiMSJ9.0gCsINxCIfh2bSsS85KJRDB2WBcH8GUPBtvVYmBMORVezYhOwAP6oHsHZ5hgX_m6ush6TEbpnaSAP_rpb_uM_20fGyM5FrqKBRPnQ7ySDZBKZFsAEPVqPGgOAXg8M0ulJZ-ZPVIOJByjxyWU4f2BMkTXXf-8WgYAY1Gas29N4RByXnpD0Sm64_gk25fZVYAZkooNoF2UIyTU6rDYULOkqBimGigo-B_eFAXbFEgflGI.zgX2FqZgmFYwnEJ85RzO4r9H_lL8eUcYJLhqjrnfNKg&dib_tag=se&keywords=boiks&qid=1725445019&sr=8-14
Burn After Writing,Sharon Jones,$7.39,4.6 out of 5 stars,https://www.amazon.com/Burn-After-Writing-Sharon-Jones/dp/0399175210/ref=sr_1_15?dib=eyJ2IjoiMSJ9.0gCsINxCIfh2bSsS85KJRDB2WBcH8GUPBtvVYmBMORVezYhOwAP6oHsHZ5hgX_m6ush6TEbpnaSAP_rpb_uM_20fGyM5FrqKBRPnQ7ySDZBKZFsAEPVqPGgOAXg8M0ulJZ-ZPVIOJByjxyWU4f2BMkTXXf-8WgYAY1Gas29N4RByXnpD0Sm64_gk25fZVYAZkooNoF2UIyTU6rDYULOkqBimGigo-B_eFAXbFEgflGI.zgX2FqZgmFYwnEJ85RzO4r9H_lL8eUcYJLhqjrnfNKg&dib_tag=se&keywords=boiks&qid=1725445019&sr=8-15
"The Old Fashioned Christmas Coloring Book: Coloring Book For Adults Men Women To Stress Relief With 30+ Illustrations, Great Gift For Mom Dad Have Christmas Birthday",David JH Dylan,$7.99,N/A,https://www.amazon.com/Fashioned-Christmas-Coloring-Book-Illustrations/dp/B0CHDDMVF8/ref=sr_1_16?dib=eyJ2IjoiMSJ9.0gCsINxCIfh2bSsS85KJRDB2WBcH8GUPBtvVYmBMORVezYhOwAP6oHsHZ5hgX_m6ush6TEbpnaSAP_rpb_uM_20fGyM5FrqKBRPnQ7ySDZBKZFsAEPVqPGgOAXg8M0ulJZ-ZPVIOJByjxyWU4f2BMkTXXf-8WgYAY1Gas29N4RByXnpD0Sm64_gk25fZVYAZkooNoF2UIyTU6rDYULOkqBimGigo-B_eFAXbFEgflGI.zgX2FqZgmFYwnEJ85RzO4r9H_lL8eUcYJLhqjrnfNKg&dib_tag=se&keywords=boiks&qid=1725445019&sr=8-16
The Sales Skills Book: A Concise Introduction to the Art of Selling,Gerald Zankl,$14.99,4.9 out of 5 stars,https://www.amazon.com#
"A1 Coaching Plan - Tactics Of The World's Highest-Paid Coach: Build 7-Figure Coaching, Consulting, Or Any Other Expert Business",Mr Magic Leone,$18.99,4.6 out of 5 stars,https://www.amazon.com#
REMINISCENCES OF A STOCK OPERATOR,Edwin Lefevre,$16.90,N/A,https://www.amazon.com#
N/A,N/A,N/A,N/A,N/A
N/A,N/A,N/A,N/A,N/A
N/A,Visit the help section,N/A,N/A,https://www.amazon.com/gp/help/customer/display.html?nodeId=468556
N/A,N/A,N/A,N/A,N/A
N/A,N/A,N/A,N/A,N/A
The Sales Skills Book: A Concise Introduction to the Art of Selling,Gerald Zankl,$14.99,4.9 out of 5 stars,https://www.amazon.com#
"A1 Coaching Plan - Tactics Of The World's Highest-Paid Coach: Build 7-Figure Coaching, Consulting, Or Any Other Expert Business",Mr Magic Leone,$18.99,4.6 out of 5 stars,https://www.amazon.com#
"Orders, Decorations, and Medals of the Democratic People's Republic of Korea",William A. Boik,N/A,5.0 out of 5 stars,https://www.amazon.com/Orders-Decorations-Democratic-Peoples-Republic/dp/0615190871/ref=sr_1_19?dib=eyJ2IjoiMSJ9.w2dAPXOqJ7YCYJ8tHEbujJfnJWWEm_nKHuvmIa1ElZkJTpHWa5qiIu_ilJuTEarRFZiIsxLKyaQkOpTChLDyZL-B6LpIs9en5uhZPtYFbyTpON_zdlzvs-IbTR6VUSWjw3vqJXfcpvUQkHvAJdksrT0mi0c9SFuAC64aO4b5auahasqgWaomiRPrRh_pARCUOOoMxAcNqdXu0W1XnqcbaDOv1xK_3FYqF3E4XJV5BXM.F2yFhymnSHbZSuNIgv1wfWV9mvVdJYjlANXLb2fAPQ4&dib_tag=se&keywords=boiks&qid=1725445023&sr=8-19
Sandplay Therapy: A Step-by-Step Manual for Psychotherapists of Diverse Orientations (Norton Professional Books),Barbara Labovitz Boik,$26.75,4.6 out of 5 stars,https://www.amazon.com/Sandplay-Therapy-Step-Step-Psychotherapists/dp/0393703193/ref=sr_1_20?dib=eyJ2IjoiMSJ9.w2dAPXOqJ7YCYJ8tHEbujJfnJWWEm_nKHuvmIa1ElZkJTpHWa5qiIu_ilJuTEarRFZiIsxLKyaQkOpTChLDyZL-B6LpIs9en5uhZPtYFbyTpON_zdlzvs-IbTR6VUSWjw3vqJXfcpvUQkHvAJdksrT0mi0c9SFuAC64aO4b5auahasqgWaomiRPrRh_pARCUOOoMxAcNqdXu0W1XnqcbaDOv1xK_3FYqF3E4XJV5BXM.F2yFhymnSHbZSuNIgv1wfWV9mvVdJYjlANXLb2fAPQ4&dib_tag=se&keywords=boiks&qid=1725445023&sr=8-20
Natural Compounds in Cancer Therapy: Promising Nontoxic Antitumor Agents From Plants & Other Natural Sources,John C. Boik,$32.00,4.6 out of 5 stars,https://www.amazon.com/Natural-Compounds-Cancer-Therapy-Promising/dp/0964828014/ref=sr_1_21?dib=eyJ2IjoiMSJ9.w2dAPXOqJ7YCYJ8tHEbujJfnJWWEm_nKHuvmIa1ElZkJTpHWa5qiIu_ilJuTEarRFZiIsxLKyaQkOpTChLDyZL-B6LpIs9en5uhZPtYFbyTpON_zdlzvs-IbTR6VUSWjw3vqJXfcpvUQkHvAJdksrT0mi0c9SFuAC64aO4b5auahasqgWaomiRPrRh_pARCUOOoMxAcNqdXu0W1XnqcbaDOv1xK_3FYqF3E4XJV5BXM.F2yFhymnSHbZSuNIgv1wfWV9mvVdJYjlANXLb2fAPQ4&dib_tag=se&keywords=boiks&qid=1725445023&sr=8-21
N/A,N/A,N/A,N/A,N/A
ABC & 123 Learning Songs: Interactive Children's Sound Book (11 Button Sound) (11 Button Sound Book),Scarlett Wing,$11.49,4.6 out of 5 stars,https://www.amazon.com/ABC-123-Learning-Songs-Interactive/dp/1680521470/ref=sr_1_22?dib=eyJ2IjoiMSJ9.w2dAPXOqJ7YCYJ8tHEbujJfnJWWEm_nKHuvmIa1ElZkJTpHWa5qiIu_ilJuTEarRFZiIsxLKyaQkOpTChLDyZL-B6LpIs9en5uhZPtYFbyTpON_zdlzvs-IbTR6VUSWjw3vqJXfcpvUQkHvAJdksrT0mi0c9SFuAC64aO4b5auahasqgWaomiRPrRh_pARCUOOoMxAcNqdXu0W1XnqcbaDOv1xK_3FYqF3E4XJV5BXM.F2yFhymnSHbZSuNIgv1wfWV9mvVdJYjlANXLb2fAPQ4&dib_tag=se&keywords=boiks&qid=1725445023&sr=8-22
Economic Direct Democracy: A Framework to End Poverty and Maximize Well-Being,John C. Boik,$9.99,4.3 out of 5 stars,https://www.amazon.com/Economic-Direct-Democracy-Framework-Well-Being-ebook/dp/B00KNOQ872/ref=sr_1_23?dib=eyJ2IjoiMSJ9.w2dAPXOqJ7YCYJ8tHEbujJfnJWWEm_nKHuvmIa1ElZkJTpHWa5qiIu_ilJuTEarRFZiIsxLKyaQkOpTChLDyZL-B6LpIs9en5uhZPtYFbyTpON_zdlzvs-IbTR6VUSWjw3vqJXfcpvUQkHvAJdksrT0mi0c9SFuAC64aO4b5auahasqgWaomiRPrRh_pARCUOOoMxAcNqdXu0W1XnqcbaDOv1xK_3FYqF3E4XJV5BXM.F2yFhymnSHbZSuNIgv1wfWV9mvVdJYjlANXLb2fAPQ4&dib_tag=se&keywords=boiks&qid=1725445023&sr=8-23
"What May Seem True, May Not Be, Or Is It?: 11 Unusual Short Stories",R L Boik,$7.99,5.0 out of 5 stars,https://www.amazon.com/What-May-Seem-True-Not/dp/B099VF4LD6/ref=sr_1_24?dib=eyJ2IjoiMSJ9.w2dAPXOqJ7YCYJ8tHEbujJfnJWWEm_nKHuvmIa1ElZkJTpHWa5qiIu_ilJuTEarRFZiIsxLKyaQkOpTChLDyZL-B6LpIs9en5uhZPtYFbyTpON_zdlzvs-IbTR6VUSWjw3vqJXfcpvUQkHvAJdksrT0mi0c9SFuAC64aO4b5auahasqgWaomiRPrRh_pARCUOOoMxAcNqdXu0W1XnqcbaDOv1xK_3FYqF3E4XJV5BXM.F2yFhymnSHbZSuNIgv1wfWV9mvVdJYjlANXLb2fAPQ4&dib_tag=se&keywords=boiks&qid=1725445023&sr=8-24
Lucas' Birthday Party,Kindle,$8.95,N/A,https://www.amazon.com/Lucas-Birthday-Party-Nicole-Boik-ebook/dp/B09DXNXCSV/ref=sr_1_25?dib=eyJ2IjoiMSJ9.w2dAPXOqJ7YCYJ8tHEbujJfnJWWEm_nKHuvmIa1ElZkJTpHWa5qiIu_ilJuTEarRFZiIsxLKyaQkOpTChLDyZL-B6LpIs9en5uhZPtYFbyTpON_zdlzvs-IbTR6VUSWjw3vqJXfcpvUQkHvAJdksrT0mi0c9SFuAC64aO4b5auahasqgWaomiRPrRh_pARCUOOoMxAcNqdXu0W1XnqcbaDOv1xK_3FYqF3E4XJV5BXM.F2yFhymnSHbZSuNIgv1wfWV9mvVdJYjlANXLb2fAPQ4&dib_tag=se&keywords=boiks&qid=1725445023&sr=8-25
Beginning Band Book 3,Paperback,$12.99,N/A,https://www.amazon.com/Beginning-Band-Book-3/dp/0849775892/ref=sr_1_26?dib=eyJ2IjoiMSJ9.w2dAPXOqJ7YCYJ8tHEbujJfnJWWEm_nKHuvmIa1ElZkJTpHWa5qiIu_ilJuTEarRFZiIsxLKyaQkOpTChLDyZL-B6LpIs9en5uhZPtYFbyTpON_zdlzvs-IbTR6VUSWjw3vqJXfcpvUQkHvAJdksrT0mi0c9SFuAC64aO4b5auahasqgWaomiRPrRh_pARCUOOoMxAcNqdXu0W1XnqcbaDOv1xK_3FYqF3E4XJV5BXM.F2yFhymnSHbZSuNIgv1wfWV9mvVdJYjlANXLb2fAPQ4&dib_tag=se&keywords=boiks&qid=1725445023&sr=8-26
What is the future of Our Nation,Podcast,$0.00,N/A,https://www.amazon.com/What-future-Our-Nation/dp/B0B82VTYPQ/ref=sr_1_27?dib=eyJ2IjoiMSJ9.w2dAPXOqJ7YCYJ8tHEbujJfnJWWEm_nKHuvmIa1ElZkJTpHWa5qiIu_ilJuTEarRFZiIsxLKyaQkOpTChLDyZL-B6LpIs9en5uhZPtYFbyTpON_zdlzvs-IbTR6VUSWjw3vqJXfcpvUQkHvAJdksrT0mi0c9SFuAC64aO4b5auahasqgWaomiRPrRh_pARCUOOoMxAcNqdXu0W1XnqcbaDOv1xK_3FYqF3E4XJV5BXM.F2yFhymnSHbZSuNIgv1wfWV9mvVdJYjlANXLb2fAPQ4&dib_tag=se&keywords=boiks&qid=1725445023&sr=8-27
"Understanding the North Korea problem : why it has become the ""land of lousy options"" / William Boik. 2011 [Leather Bound]",William A. Boik,$15.69,3.5 out of 5 stars,https://www.amazon.com/Understanding-North-Korea-problem-options/dp/B0BLN1RSH7/ref=sr_1_28?dib=eyJ2IjoiMSJ9.w2dAPXOqJ7YCYJ8tHEbujJfnJWWEm_nKHuvmIa1ElZkJTpHWa5qiIu_ilJuTEarRFZiIsxLKyaQkOpTChLDyZL-B6LpIs9en5uhZPtYFbyTpON_zdlzvs-IbTR6VUSWjw3vqJXfcpvUQkHvAJdksrT0mi0c9SFuAC64aO4b5auahasqgWaomiRPrRh_pARCUOOoMxAcNqdXu0W1XnqcbaDOv1xK_3FYqF3E4XJV5BXM.F2yFhymnSHbZSuNIgv1wfWV9mvVdJYjlANXLb2fAPQ4&dib_tag=se&keywords=boiks&qid=1725445023&sr=8-28
My Journal,Paperback,$6.99,N/A,https://www.amazon.com/My-Journal-Journey-boik/dp/B0CKN5K1CK/ref=sr_1_29?dib=eyJ2IjoiMSJ9.w2dAPXOqJ7YCYJ8tHEbujJfnJWWEm_nKHuvmIa1ElZkJTpHWa5qiIu_ilJuTEarRFZiIsxLKyaQkOpTChLDyZL-B6LpIs9en5uhZPtYFbyTpON_zdlzvs-IbTR6VUSWjw3vqJXfcpvUQkHvAJdksrT0mi0c9SFuAC64aO4b5auahasqgWaomiRPrRh_pARCUOOoMxAcNqdXu0W1XnqcbaDOv1xK_3FYqF3E4XJV5BXM.F2yFhymnSHbZSuNIgv1wfWV9mvVdJYjlANXLb2fAPQ4&dib_tag=se&keywords=boiks&qid=1725445023&sr=8-29
"Steve Irwin (Little People, BIG DREAMS, 104)",Maria Isabel Sanchez Vegara,$12.24,4.8 out of 5 stars,https://www.amazon.com/Steve-Irwin-Little-People-DREAMS/dp/0711285659/ref=sr_1_30?dib=eyJ2IjoiMSJ9.w2dAPXOqJ7YCYJ8tHEbujJfnJWWEm_nKHuvmIa1ElZkJTpHWa5qiIu_ilJuTEarRFZiIsxLKyaQkOpTChLDyZL-B6LpIs9en5uhZPtYFbyTpON_zdlzvs-IbTR6VUSWjw3vqJXfcpvUQkHvAJdksrT0mi0c9SFuAC64aO4b5auahasqgWaomiRPrRh_pARCUOOoMxAcNqdXu0W1XnqcbaDOv1xK_3FYqF3E4XJV5BXM.F2yFhymnSHbZSuNIgv1wfWV9mvVdJYjlANXLb2fAPQ4&dib_tag=se&keywords=boiks&qid=1725445023&sr=8-30
"Orders, Decorations, and Medals of the Russian Federation Since 1991",Paperback,N/A,N/A,https://www.amazon.com/Orders-Decorations-Medals-Russian-Federation/dp/0981610242/ref=sr_1_31?dib=eyJ2IjoiMSJ9.w2dAPXOqJ7YCYJ8tHEbujJfnJWWEm_nKHuvmIa1ElZkJTpHWa5qiIu_ilJuTEarRFZiIsxLKyaQkOpTChLDyZL-B6LpIs9en5uhZPtYFbyTpON_zdlzvs-IbTR6VUSWjw3vqJXfcpvUQkHvAJdksrT0mi0c9SFuAC64aO4b5auahasqgWaomiRPrRh_pARCUOOoMxAcNqdXu0W1XnqcbaDOv1xK_3FYqF3E4XJV5BXM.F2yFhymnSHbZSuNIgv1wfWV9mvVdJYjlANXLb2fAPQ4&dib_tag=se&keywords=boiks&qid=1725445023&sr=8-31
Leçons des maîtres de la Bourse,John Boik,$45.68,5.0 out of 5 stars,https://www.amazon.com/Le%C3%83%C2%A7ons-ma%C3%83%C2%AEtres-Bourse/dp/2909356574/ref=sr_1_32?dib=eyJ2IjoiMSJ9.w2dAPXOqJ7YCYJ8tHEbujJfnJWWEm_nKHuvmIa1ElZkJTpHWa5qiIu_ilJuTEarRFZiIsxLKyaQkOpTChLDyZL-B6LpIs9en5uhZPtYFbyTpON_zdlzvs-IbTR6VUSWjw3vqJXfcpvUQkHvAJdksrT0mi0c9SFuAC64aO4b5auahasqgWaomiRPrRh_pARCUOOoMxAcNqdXu0W1XnqcbaDOv1xK_3FYqF3E4XJV5BXM.F2yFhymnSHbZSuNIgv1wfWV9mvVdJYjlANXLb2fAPQ4&dib_tag=se&keywords=boiks&qid=1725445023&sr=8-32
Crossword Puzzles Skill Improving Boik,Paperback,$45.00,N/A,https://www.amazon.com/Crossword-Puzzles-Skill-Improving-Boik/dp/B0BJ57K42Z/ref=sr_1_33?dib=eyJ2IjoiMSJ9.w2dAPXOqJ7YCYJ8tHEbujJfnJWWEm_nKHuvmIa1ElZkJTpHWa5qiIu_ilJuTEarRFZiIsxLKyaQkOpTChLDyZL-B6LpIs9en5uhZPtYFbyTpON_zdlzvs-IbTR6VUSWjw3vqJXfcpvUQkHvAJdksrT0mi0c9SFuAC64aO4b5auahasqgWaomiRPrRh_pARCUOOoMxAcNqdXu0W1XnqcbaDOv1xK_3FYqF3E4XJV5BXM.F2yFhymnSHbZSuNIgv1wfWV9mvVdJYjlANXLb2fAPQ4&dib_tag=se&keywords=boiks&qid=1725445023&sr=8-33
Sabotage: A Dark Enemies to Lovers Romance,Shantel  Tessier,$0.00,4.2 out of 5 stars,https://www.amazon.com/Sabotage-Dark-Enemies-Lovers-Romance-ebook/dp/B09V2J7P9F/ref=sr_1_34?dib=eyJ2IjoiMSJ9.w2dAPXOqJ7YCYJ8tHEbujJfnJWWEm_nKHuvmIa1ElZkJTpHWa5qiIu_ilJuTEarRFZiIsxLKyaQkOpTChLDyZL-B6LpIs9en5uhZPtYFbyTpON_zdlzvs-IbTR6VUSWjw3vqJXfcpvUQkHvAJdksrT0mi0c9SFuAC64aO4b5auahasqgWaomiRPrRh_pARCUOOoMxAcNqdXu0W1XnqcbaDOv1xK_3FYqF3E4XJV5BXM.F2yFhymnSHbZSuNIgv1wfWV9mvVdJYjlANXLb2fAPQ4&dib_tag=se&keywords=boiks&qid=1725445023&sr=8-34
Inca Trail and Machu Picchu (Alberto's Adventures),Sean Daly,$0.00,4.6 out of 5 stars,https://www.amazon.com#
N/A,N/A,N/A,N/A,N/A
N/A,N/A,N/A,N/A,N/A
N/A,Visit the help section,N/A,N/A,https://www.amazon.com/gp/help/customer/display.html?nodeId=468556
N/A,N/A,N/A,N/A,N/A
The Sales Skills Book: A Concise Introduction to the Art of Selling,Gerald Zankl,$14.99,4.9 out of 5 stars,https://www.amazon.com#
Get Scalable: The Operating System Your Business Needs To Run and Scale Without You,Ryan Deiss,$24.93,4.6 out of 5 stars,https://www.amazon.com#
What is the future of Our Nation,Podcast,$0.00,N/A,https://www.amazon.com/What-future-Our-Nation/dp/B0B82VTYPQ/ref=sr_1_35?dib=eyJ2IjoiMSJ9.PtJdNUZg8Lrd9h0Q82xVr-dZkLZjHsKO0hgKrUIaTQkG3QSo3vDwuWO99jxeYyDBVH9fFlVNPGSyruoz-98xQShMRkB8Gk5-oiGawmdL0gQlv4Fdasfi3DArVqo7NQK_wCM1dwfYOfBNdQnKIoFrNrZDuNRKVt9m5XZQ4DeXSOH2PMxXme89vsCK5ybS3I3iPxFfoLFqtlpdoUN7Vu4CIb7bM-sQl-TOjqhWG7a0jw4._7qG-whUSdc4Gn1jO5-ToHuKJfsWLclz9eH0zBMsAZM&dib_tag=se&keywords=boiks&qid=1725445025&sr=8-35
OÌ„gon no okite : Hasan kaihijutsu,John Boik; Toshiaki Suzuki,$15.21,4.1 out of 5 stars,https://www.amazon.com/O%C3%8C-gon-okite-Hasan-kaihijutsu/dp/4775930745/ref=sr_1_36?dib=eyJ2IjoiMSJ9.PtJdNUZg8Lrd9h0Q82xVr-dZkLZjHsKO0hgKrUIaTQkG3QSo3vDwuWO99jxeYyDBVH9fFlVNPGSyruoz-98xQShMRkB8Gk5-oiGawmdL0gQlv4Fdasfi3DArVqo7NQK_wCM1dwfYOfBNdQnKIoFrNrZDuNRKVt9m5XZQ4DeXSOH2PMxXme89vsCK5ybS3I3iPxFfoLFqtlpdoUN7Vu4CIb7bM-sQl-TOjqhWG7a0jw4._7qG-whUSdc4Gn1jO5-ToHuKJfsWLclz9eH0zBMsAZM&dib_tag=se&keywords=boiks&qid=1725445025&sr=8-36
The Jazz Harmony Book,David Berkman,$34.00,4.7 out of 5 stars,https://www.amazon.com/Jazz-Harmony-Book-David-Berkman/dp/1883217792/ref=sr_1_37?dib=eyJ2IjoiMSJ9.PtJdNUZg8Lrd9h0Q82xVr-dZkLZjHsKO0hgKrUIaTQkG3QSo3vDwuWO99jxeYyDBVH9fFlVNPGSyruoz-98xQShMRkB8Gk5-oiGawmdL0gQlv4Fdasfi3DArVqo7NQK_wCM1dwfYOfBNdQnKIoFrNrZDuNRKVt9m5XZQ4DeXSOH2PMxXme89vsCK5ybS3I3iPxFfoLFqtlpdoUN7Vu4CIb7bM-sQl-TOjqhWG7a0jw4._7qG-whUSdc4Gn1jO5-ToHuKJfsWLclz9eH0zBMsAZM&dib_tag=se&keywords=boiks&qid=1725445025&sr=8-37
N/A,N/A,N/A,N/A,N/A
The African Grey Parrot Handbook (Barron's Pet Handbooks),Mattie Sue Athan,N/A,4.7 out of 5 stars,https://www.amazon.com/African-Parrot-Handbook-Barrons-Handbooks/dp/0764141406/ref=sr_1_38?dib=eyJ2IjoiMSJ9.PtJdNUZg8Lrd9h0Q82xVr-dZkLZjHsKO0hgKrUIaTQkG3QSo3vDwuWO99jxeYyDBVH9fFlVNPGSyruoz-98xQShMRkB8Gk5-oiGawmdL0gQlv4Fdasfi3DArVqo7NQK_wCM1dwfYOfBNdQnKIoFrNrZDuNRKVt9m5XZQ4DeXSOH2PMxXme89vsCK5ybS3I3iPxFfoLFqtlpdoUN7Vu4CIb7bM-sQl-TOjqhWG7a0jw4._7qG-whUSdc4Gn1jO5-ToHuKJfsWLclz9eH0zBMsAZM&dib_tag=se&keywords=boiks&qid=1725445025&sr=8-38
Sabotage: A Dark Enemies to Lovers Romance,Shantel  Tessier,$0.00,4.2 out of 5 stars,https://www.amazon.com/Sabotage-Dark-Enemies-Lovers-Romance-ebook/dp/B09V2J7P9F/ref=sr_1_39?dib=eyJ2IjoiMSJ9.PtJdNUZg8Lrd9h0Q82xVr-dZkLZjHsKO0hgKrUIaTQkG3QSo3vDwuWO99jxeYyDBVH9fFlVNPGSyruoz-98xQShMRkB8Gk5-oiGawmdL0gQlv4Fdasfi3DArVqo7NQK_wCM1dwfYOfBNdQnKIoFrNrZDuNRKVt9m5XZQ4DeXSOH2PMxXme89vsCK5ybS3I3iPxFfoLFqtlpdoUN7Vu4CIb7bM-sQl-TOjqhWG7a0jw4._7qG-whUSdc4Gn1jO5-ToHuKJfsWLclz9eH0zBMsAZM&dib_tag=se&keywords=boiks&qid=1725445025&sr=8-39
"The Storm Sister: The Seven Sisters, Book 2",Audible Audiobook,$0.00,4.5 out of 5 stars,https://www.amazon.com/Storm-Sister-Seven-Sisters-Book/dp/B09M7FTKSZ/ref=sr_1_40?dib=eyJ2IjoiMSJ9.PtJdNUZg8Lrd9h0Q82xVr-dZkLZjHsKO0hgKrUIaTQkG3QSo3vDwuWO99jxeYyDBVH9fFlVNPGSyruoz-98xQShMRkB8Gk5-oiGawmdL0gQlv4Fdasfi3DArVqo7NQK_wCM1dwfYOfBNdQnKIoFrNrZDuNRKVt9m5XZQ4DeXSOH2PMxXme89vsCK5ybS3I3iPxFfoLFqtlpdoUN7Vu4CIb7bM-sQl-TOjqhWG7a0jw4._7qG-whUSdc4Gn1jO5-ToHuKJfsWLclz9eH0zBMsAZM&dib_tag=se&keywords=boiks&qid=1725445025&sr=8-40
Play Something Dancy,Dee Simon,$4.99,4.0 out of 5 stars,https://www.amazon.com/Play-Something-Dancy-Dee-Simon-ebook/dp/B009SQ1KE2/ref=sr_1_41?dib=eyJ2IjoiMSJ9.PtJdNUZg8Lrd9h0Q82xVr-dZkLZjHsKO0hgKrUIaTQkG3QSo3vDwuWO99jxeYyDBVH9fFlVNPGSyruoz-98xQShMRkB8Gk5-oiGawmdL0gQlv4Fdasfi3DArVqo7NQK_wCM1dwfYOfBNdQnKIoFrNrZDuNRKVt9m5XZQ4DeXSOH2PMxXme89vsCK5ybS3I3iPxFfoLFqtlpdoUN7Vu4CIb7bM-sQl-TOjqhWG7a0jw4._7qG-whUSdc4Gn1jO5-ToHuKJfsWLclz9eH0zBMsAZM&dib_tag=se&keywords=boiks&qid=1725445025&sr=8-41
CROSSWORD PUZZLE BOOK : 4,Paperback,$25.00,N/A,https://www.amazon.com/CROSSWORD-PUZZLE-BOOK-AJAY-THORAT/dp/B0B3MXWRL1/ref=sr_1_42?dib=eyJ2IjoiMSJ9.PtJdNUZg8Lrd9h0Q82xVr-dZkLZjHsKO0hgKrUIaTQkG3QSo3vDwuWO99jxeYyDBVH9fFlVNPGSyruoz-98xQShMRkB8Gk5-oiGawmdL0gQlv4Fdasfi3DArVqo7NQK_wCM1dwfYOfBNdQnKIoFrNrZDuNRKVt9m5XZQ4DeXSOH2PMxXme89vsCK5ybS3I3iPxFfoLFqtlpdoUN7Vu4CIb7bM-sQl-TOjqhWG7a0jw4._7qG-whUSdc4Gn1jO5-ToHuKJfsWLclz9eH0zBMsAZM&dib_tag=se&keywords=boiks&qid=1725445025&sr=8-42
Back to school,Paperback,$50.00,N/A,https://www.amazon.com/Back-school-T-Joshua/dp/B0BBQLGFKR/ref=sr_1_43?dib=eyJ2IjoiMSJ9.PtJdNUZg8Lrd9h0Q82xVr-dZkLZjHsKO0hgKrUIaTQkG3QSo3vDwuWO99jxeYyDBVH9fFlVNPGSyruoz-98xQShMRkB8Gk5-oiGawmdL0gQlv4Fdasfi3DArVqo7NQK_wCM1dwfYOfBNdQnKIoFrNrZDuNRKVt9m5XZQ4DeXSOH2PMxXme89vsCK5ybS3I3iPxFfoLFqtlpdoUN7Vu4CIb7bM-sQl-TOjqhWG7a0jw4._7qG-whUSdc4Gn1jO5-ToHuKJfsWLclz9eH0zBMsAZM&dib_tag=se&keywords=boiks&qid=1725445025&sr=8-43
Whiskers & Colors: A Mouse Coloring Adventur,Paperback,$30.00,N/A,https://www.amazon.com/Whiskers-Colors-Mouse-Coloring-Adventur/dp/B0D3WXZZ3M/ref=sr_1_44?dib=eyJ2IjoiMSJ9.PtJdNUZg8Lrd9h0Q82xVr-dZkLZjHsKO0hgKrUIaTQkG3QSo3vDwuWO99jxeYyDBVH9fFlVNPGSyruoz-98xQShMRkB8Gk5-oiGawmdL0gQlv4Fdasfi3DArVqo7NQK_wCM1dwfYOfBNdQnKIoFrNrZDuNRKVt9m5XZQ4DeXSOH2PMxXme89vsCK5ybS3I3iPxFfoLFqtlpdoUN7Vu4CIb7bM-sQl-TOjqhWG7a0jw4._7qG-whUSdc4Gn1jO5-ToHuKJfsWLclz9eH0zBMsAZM&dib_tag=se&keywords=boiks&qid=1725445025&sr=8-44
Talanti Boik³vshini. Na Ukrainskom Iazyke.,Hardcover,N/A,N/A,https://www.amazon.com/Talanti-Boik%C2%B3vshini-Na-Ukrainskom-Iazyke/dp/B01FCPCZSW/ref=sr_1_45?dib=eyJ2IjoiMSJ9.PtJdNUZg8Lrd9h0Q82xVr-dZkLZjHsKO0hgKrUIaTQkG3QSo3vDwuWO99jxeYyDBVH9fFlVNPGSyruoz-98xQShMRkB8Gk5-oiGawmdL0gQlv4Fdasfi3DArVqo7NQK_wCM1dwfYOfBNdQnKIoFrNrZDuNRKVt9m5XZQ4DeXSOH2PMxXme89vsCK5ybS3I3iPxFfoLFqtlpdoUN7Vu4CIb7bM-sQl-TOjqhWG7a0jw4._7qG-whUSdc4Gn1jO5-ToHuKJfsWLclz9eH0zBMsAZM&dib_tag=se&keywords=boiks&qid=1725445025&sr=8-45
"Perezhite osobisto, abo M³tla. Na Ukrainskom Iazyke. Spogadi.",Hardcover,N/A,N/A,https://www.amazon.com/Perezhite-osobisto-Ukrainskom-Iazyke-Spogadi/dp/B01FCPF9CG/ref=sr_1_46?dib=eyJ2IjoiMSJ9.PtJdNUZg8Lrd9h0Q82xVr-dZkLZjHsKO0hgKrUIaTQkG3QSo3vDwuWO99jxeYyDBVH9fFlVNPGSyruoz-98xQShMRkB8Gk5-oiGawmdL0gQlv4Fdasfi3DArVqo7NQK_wCM1dwfYOfBNdQnKIoFrNrZDuNRKVt9m5XZQ4DeXSOH2PMxXme89vsCK5ybS3I3iPxFfoLFqtlpdoUN7Vu4CIb7bM-sQl-TOjqhWG7a0jw4._7qG-whUSdc4Gn1jO5-ToHuKJfsWLclz9eH0zBMsAZM&dib_tag=se&keywords=boiks&qid=1725445025&sr=8-46
"Animal coloring book for Kids, Over 100 Happy Animal Scenes coloring pages, Wild Animals, Domestic Animals, Sea Creatures, Birds and Insects.",Le Chat,$5.14,N/A,https://www.amazon.com/coloring-Animals-Domestic-Creatures-Insects/dp/B09YP7KN1C/ref=sr_1_47?dib=eyJ2IjoiMSJ9.PtJdNUZg8Lrd9h0Q82xVr-dZkLZjHsKO0hgKrUIaTQkG3QSo3vDwuWO99jxeYyDBVH9fFlVNPGSyruoz-98xQShMRkB8Gk5-oiGawmdL0gQlv4Fdasfi3DArVqo7NQK_wCM1dwfYOfBNdQnKIoFrNrZDuNRKVt9m5XZQ4DeXSOH2PMxXme89vsCK5ybS3I3iPxFfoLFqtlpdoUN7Vu4CIb7bM-sQl-TOjqhWG7a0jw4._7qG-whUSdc4Gn1jO5-ToHuKJfsWLclz9eH0zBMsAZM&dib_tag=se&keywords=boiks&qid=1725445025&sr=8-47
Kids drawing book,Paperback,$55.00,N/A,https://www.amazon.com/Kids-drawing-book-Shashi-Ranjan/dp/B09FC6HCZK/ref=sr_1_48?dib=eyJ2IjoiMSJ9.PtJdNUZg8Lrd9h0Q82xVr-dZkLZjHsKO0hgKrUIaTQkG3QSo3vDwuWO99jxeYyDBVH9fFlVNPGSyruoz-98xQShMRkB8Gk5-oiGawmdL0gQlv4Fdasfi3DArVqo7NQK_wCM1dwfYOfBNdQnKIoFrNrZDuNRKVt9m5XZQ4DeXSOH2PMxXme89vsCK5ybS3I3iPxFfoLFqtlpdoUN7Vu4CIb7bM-sQl-TOjqhWG7a0jw4._7qG-whUSdc4Gn1jO5-ToHuKJfsWLclz9eH0zBMsAZM&dib_tag=se&keywords=boiks&qid=1725445025&sr=8-48
Kl³n³chna b³okh³m³ia. Na Ukrainskom Iazyke. Kurs Lekts³i Dlia Student³v Vishikh Navchal'nikh Medichnikh Zaklad³v.,Hardcover,N/A,N/A,https://www.amazon.com/Kl%C2%B3n%C2%B3chna-b%C2%B3okh%C2%B3m%C2%B3ia-Ukrainskom-Navchalnikh-Medichnikh/dp/B01FCP92GA/ref=sr_1_49?dib=eyJ2IjoiMSJ9.PtJdNUZg8Lrd9h0Q82xVr-dZkLZjHsKO0hgKrUIaTQkG3QSo3vDwuWO99jxeYyDBVH9fFlVNPGSyruoz-98xQShMRkB8Gk5-oiGawmdL0gQlv4Fdasfi3DArVqo7NQK_wCM1dwfYOfBNdQnKIoFrNrZDuNRKVt9m5XZQ4DeXSOH2PMxXme89vsCK5ybS3I3iPxFfoLFqtlpdoUN7Vu4CIb7bM-sQl-TOjqhWG7a0jw4._7qG-whUSdc4Gn1jO5-ToHuKJfsWLclz9eH0zBMsAZM&dib_tag=se&keywords=boiks&qid=1725445025&sr=8-49
"Animals drawing and coloring book for kids: A coloring and drawing book 100 pages for 3-10 year olds with 50 great animals to color and draw, for little boys and girls",Paperback,$10.00,N/A,https://www.amazon.com/Animals-drawing-coloring-book-kids/dp/B09BSZXYKJ/ref=sr_1_50?dib=eyJ2IjoiMSJ9.PtJdNUZg8Lrd9h0Q82xVr-dZkLZjHsKO0hgKrUIaTQkG3QSo3vDwuWO99jxeYyDBVH9fFlVNPGSyruoz-98xQShMRkB8Gk5-oiGawmdL0gQlv4Fdasfi3DArVqo7NQK_wCM1dwfYOfBNdQnKIoFrNrZDuNRKVt9m5XZQ4DeXSOH2PMxXme89vsCK5ybS3I3iPxFfoLFqtlpdoUN7Vu4CIb7bM-sQl-TOjqhWG7a0jw4._7qG-whUSdc4Gn1jO5-ToHuKJfsWLclz9eH0zBMsAZM&dib_tag=se&keywords=boiks&qid=1725445025&sr=8-50
N/A,N/A,N/A,N/A,N/A
N/A,N/A,N/A,N/A,N/A
N/A,Visit the help section,N/A,N/A,https://www.amazon.com/gp/help/customer/display.html?nodeId=468556
N/A,N/A,N/A,N/A,N/A
The Sales Skills Book: A Concise Introduction to the Art of Selling,Gerald Zankl,$14.99,4.9 out of 5 stars,https://www.amazon.com#
Do or Die: Transform Your Survival Instinct Into a Winner’s Mindset,Matan Nistor,$9.99,4.9 out of 5 stars,https://www.amazon.com#
Maurya Crossword Puzzle Book,Paperback,$25.00,N/A,https://www.amazon.com/Maurya-Crossword-Puzzle-Book-Jitendra/dp/B0B3F1K2CJ/ref=sr_1_51?dib=eyJ2IjoiMSJ9.aSDbx45xGv6eA4ZWUdPT8m6zeOhRFB0-p8s_YAYrkcOI1jVuPgzZfZIj1VcWUrboZy5LA_WvCnHOHc2InPONEYImLbgG1hqPyyryTZmXQNcTSPyvk_V_JGpID2DzFB6Hb9JRgxRth94LfjU2kbxckg.oMKyVwTNjeDWc3mJIhoSMbd6n0FPjKh-SIFSwychBp4&dib_tag=se&keywords=boiks&qid=1725445027&sr=8-51
"Animals drawing and coloring book for kids: A coloring and drawing book 100 pages for 3-10 year olds with 50 great animals to color and draw, for little boys and girls",Paperback,$10.00,N/A,https://www.amazon.com/Animals-drawing-coloring-book-kids/dp/B09BSZXYKJ/ref=sr_1_52?dib=eyJ2IjoiMSJ9.aSDbx45xGv6eA4ZWUdPT8m6zeOhRFB0-p8s_YAYrkcOI1jVuPgzZfZIj1VcWUrboZy5LA_WvCnHOHc2InPONEYImLbgG1hqPyyryTZmXQNcTSPyvk_V_JGpID2DzFB6Hb9JRgxRth94LfjU2kbxckg.oMKyVwTNjeDWc3mJIhoSMbd6n0FPjKh-SIFSwychBp4&dib_tag=se&keywords=boiks&qid=1725445027&sr=8-52
Happy days,Paperback,$23.00,N/A,https://www.amazon.com/Happy-days-S-Md-Basha/dp/B09PMBLSHW/ref=sr_1_53?dib=eyJ2IjoiMSJ9.aSDbx45xGv6eA4ZWUdPT8m6zeOhRFB0-p8s_YAYrkcOI1jVuPgzZfZIj1VcWUrboZy5LA_WvCnHOHc2InPONEYImLbgG1hqPyyryTZmXQNcTSPyvk_V_JGpID2DzFB6Hb9JRgxRth94LfjU2kbxckg.oMKyVwTNjeDWc3mJIhoSMbd6n0FPjKh-SIFSwychBp4&dib_tag=se&keywords=boiks&qid=1725445027&sr=8-53
N/A,N/A,N/A,N/A,N/A
Kids drawing book,Paperback,$55.00,N/A,https://www.amazon.com/Kids-drawing-book-Shashi-Ranjan/dp/B09FC6HCZK/ref=sr_1_54?dib=eyJ2IjoiMSJ9.aSDbx45xGv6eA4ZWUdPT8m6zeOhRFB0-p8s_YAYrkcOI1jVuPgzZfZIj1VcWUrboZy5LA_WvCnHOHc2InPONEYImLbgG1hqPyyryTZmXQNcTSPyvk_V_JGpID2DzFB6Hb9JRgxRth94LfjU2kbxckg.oMKyVwTNjeDWc3mJIhoSMbd6n0FPjKh-SIFSwychBp4&dib_tag=se&keywords=boiks&qid=1725445027&sr=8-54
"Animal coloring book for Kids, Over 100 Happy Animal Scenes coloring pages, Wild Animals, Domestic Animals, Sea Creatures, Birds and Insects.",Le Chat,$5.14,N/A,https://www.amazon.com/coloring-Animals-Domestic-Creatures-Insects/dp/B09YP7KN1C/ref=sr_1_55?dib=eyJ2IjoiMSJ9.aSDbx45xGv6eA4ZWUdPT8m6zeOhRFB0-p8s_YAYrkcOI1jVuPgzZfZIj1VcWUrboZy5LA_WvCnHOHc2InPONEYImLbgG1hqPyyryTZmXQNcTSPyvk_V_JGpID2DzFB6Hb9JRgxRth94LfjU2kbxckg.oMKyVwTNjeDWc3mJIhoSMbd6n0FPjKh-SIFSwychBp4&dib_tag=se&keywords=boiks&qid=1725445027&sr=8-55
Silly Billy Goes Fishing: short kids stories bedtime tale for children (Silly Billy The Big Bad Wolf),Beata Noemi Balint,$9.80,5.0 out of 5 stars,https://www.amazon.com/Silly-Billy-Goes-Fishing-children/dp/1731049749/ref=sr_1_56?dib=eyJ2IjoiMSJ9.aSDbx45xGv6eA4ZWUdPT8m6zeOhRFB0-p8s_YAYrkcOI1jVuPgzZfZIj1VcWUrboZy5LA_WvCnHOHc2InPONEYImLbgG1hqPyyryTZmXQNcTSPyvk_V_JGpID2DzFB6Hb9JRgxRth94LfjU2kbxckg.oMKyVwTNjeDWc3mJIhoSMbd6n0FPjKh-SIFSwychBp4&dib_tag=se&keywords=boiks&qid=1725445027&sr=8-56
Kl³n³chna b³okh³m³ia. Na Ukrainskom Iazyke. Kurs Lekts³i Dlia Student³v Vishikh Navchal'nikh Medichnikh Zaklad³v.,Hardcover,N/A,N/A,https://www.amazon.com/Kl%C2%B3n%C2%B3chna-b%C2%B3okh%C2%B3m%C2%B3ia-Ukrainskom-Navchalnikh-Medichnikh/dp/B01FCP92GA/ref=sr_1_57?dib=eyJ2IjoiMSJ9.aSDbx45xGv6eA4ZWUdPT8m6zeOhRFB0-p8s_YAYrkcOI1jVuPgzZfZIj1VcWUrboZy5LA_WvCnHOHc2InPONEYImLbgG1hqPyyryTZmXQNcTSPyvk_V_JGpID2DzFB6Hb9JRgxRth94LfjU2kbxckg.oMKyVwTNjeDWc3mJIhoSMbd6n0FPjKh-SIFSwychBp4&dib_tag=se&keywords=boiks&qid=1725445027&sr=8-57
Discerning the Voice of God: How to Recognize When He Speaks,Priscilla Shirer,$8.07,4.8 out of 5 stars,https://www.amazon.com/Discerning-Voice-God-Recognize-Speaks-ebook/dp/B006ODDU72/ref=sr_1_58?dib=eyJ2IjoiMSJ9.aSDbx45xGv6eA4ZWUdPT8m6zeOhRFB0-p8s_YAYrkcOI1jVuPgzZfZIj1VcWUrboZy5LA_WvCnHOHc2InPONEYImLbgG1hqPyyryTZmXQNcTSPyvk_V_JGpID2DzFB6Hb9JRgxRth94LfjU2kbxckg.oMKyVwTNjeDWc3mJIhoSMbd6n0FPjKh-SIFSwychBp4&dib_tag=se&keywords=boiks&qid=1725445027&sr=8-58
Something Real,J.J. Murray,$3.99,4.2 out of 5 stars,https://www.amazon.com/Something-Real-J-J-Murray-ebook/dp/B00TE6PDSK/ref=sr_1_59?dib=eyJ2IjoiMSJ9.aSDbx45xGv6eA4ZWUdPT8m6zeOhRFB0-p8s_YAYrkcOI1jVuPgzZfZIj1VcWUrboZy5LA_WvCnHOHc2InPONEYImLbgG1hqPyyryTZmXQNcTSPyvk_V_JGpID2DzFB6Hb9JRgxRth94LfjU2kbxckg.oMKyVwTNjeDWc3mJIhoSMbd6n0FPjKh-SIFSwychBp4&dib_tag=se&keywords=boiks&qid=1725445027&sr=8-59
CNOR Exam Secrets Study Guide: CNOR Test Review for the CNOR Exam,Paperback,$103.49,4.4 out of 5 stars,https://www.amazon.com/CNOR-Exam-Secrets-Study-Guide/dp/1609710002/ref=sr_1_60?dib=eyJ2IjoiMSJ9.aSDbx45xGv6eA4ZWUdPT8m6zeOhRFB0-p8s_YAYrkcOI1jVuPgzZfZIj1VcWUrboZy5LA_WvCnHOHc2InPONEYImLbgG1hqPyyryTZmXQNcTSPyvk_V_JGpID2DzFB6Hb9JRgxRth94LfjU2kbxckg.oMKyVwTNjeDWc3mJIhoSMbd6n0FPjKh-SIFSwychBp4&dib_tag=se&keywords=boiks&qid=1725445027&sr=8-60
"A1 Coaching Plan - Tactics Of The World's Highest-Paid Coach: Build 7-Figure Coaching, Consulting, Or Any Other Expert Business",Mr Magic Leone,$18.99,4.6 out of 5 stars,https://www.amazon.com#
"The Art of Developing New Leadership Skills: Unlock Potential, Inspire Others to Rise, Navigate Change, Motivate Teams and Resolve Conflicts with Compassion",Marta Dine,$10.99,5.0 out of 5 stars,https://www.amazon.com#
N/A,N/A,N/A,N/A,N/A
N/A,N/A,N/A,N/A,N/A
N/A,Visit the help section,N/A,N/A,https://www.amazon.com/gp/help/customer/display.html?nodeId=468556
N/A,N/A,N/A,N/A,N/A
N/A,N/A,N/A,N/A,N/A
The Sales Skills Book: A Concise Introduction to the Art of Selling,Gerald Zankl,$14.99,4.9 out of 5 stars,https://www.amazon.com#
Do or Die: Transform Your Survival Instinct Into a Winner’s Mindset,Matan Nistor,$9.99,4.9 out of 5 stars,https://www.amazon.com#
N/A,N/A,N/A,N/A,N/A
A Game Most Foul (Blink),Alison Gervais,$14.20,3.7 out of 5 stars,https://www.amazon.com#
"A1 Coaching Plan - Tactics Of The World's Highest-Paid Coach: Build 7-Figure Coaching, Consulting, Or Any Other Expert Business",Mr Magic Leone,$18.99,4.6 out of 5 stars,https://www.amazon.com#
N/A,N/A,N/A,N/A,N/A
N/A,Visit the help section,N/A,N/A,https://www.amazon.com/gp/help/customer/display.html?nodeId=468556
N/A,N/A,N/A,N/A,N/A
N/A,N/A,N/A,N/A,N/A
The Sales Skills Book: A Concise Introduction to the Art of Selling,Gerald Zankl,$14.99,4.9 out of 5 stars,https://www.amazon.com#
Day Trading for Beginners: Make Winning Trades Using Simple and Proven Trading Strategies in the Financial Markets Today with Zero Trading Experience Required,A.Z Penn,$15.95,4.8 out of 5 stars,https://www.amazon.com#
N/A,N/A,N/A,N/A,N/A
"Life Skills for Kids: Mastering Cooking, Cleaning, Friendship, Emergency Skills, Goal Setting, Decision Making, and More: A Journey Through Essential ... Confidence, Adaptability, and Awareness",Jack Blick,$11.89,5.0 out of 5 stars,https://www.amazon.com#
Make 'Em Beg to Buy From You: 5 Preselling Secrets to Take Even Complete Strangers From Cold to Sold Before You Ever Make an Offer,Travis Sago,$19.99,4.7 out of 5 stars,https://www.amazon.com#
Secrets of the Stoics: How to Live an Undefeatable Life,Paperback,$19.99,4.5 out of 5 stars,https://www.amazon.comhttps://aax-us-iad.amazon.com/x/c/JAfneXApw7GnEvHuGuBxQzYAAAGRvInIHAEAAAH2AQBvbm9fdHhuX2JpZDQgICBvbm9fdHhuX2ltcDEgICBxGGyV/https://www.amazon.com/Secrets-Stoics-Live-Undefeatable-Life/dp/B09NHCD2YY/ref=sxbs_sbv_search_btf?content-id=amzn1.sym.805ca70d-e057-4820-b9b3-729eee71f8a9%3Aamzn1.sym.805ca70d-e057-4820-b9b3-729eee71f8a9&cv_ct_cx=boiks&dib=eyJ2IjoiMSJ9.rUmosmvRGqmxN8UQyHd2yA.W49l5SB7yqVVXOfUbUEzaa3-D3YE8jS4pUsqGKZvB3E&dib_tag=se&keywords=boiks&pd_rd_i=B09NHCD2YY&pd_rd_r=1393ab6b-f125-4ad0-b5e8-8d4a97b2e13d&pd_rd_w=Q6FOG&pd_rd_wg=Xo80d&pf_rd_p=805ca70d-e057-4820-b9b3-729eee71f8a9&pf_rd_r=PKEFC4SS84HFKDRWFG6T&qid=1725445031&sbo=RZvfv%2F%2FHxDF%2BO5021pAnSA%3D%3D&sr=1-81-48f7baba-8e26-45f3-8811-e1a601ad20bf
N/A,N/A,N/A,N/A,N/A
N/A,Visit the help section,N/A,N/A,https://www.amazon.com/gp/help/customer/display.html?nodeId=468556
N/A,N/A,N/A,N/A,N/A
N/A,N/A,N/A,N/A,N/A
The Sales Skills Book: A Concise Introduction to the Art of Selling,Gerald Zankl,$14.99,4.9 out of 5 stars,https://www.amazon.com#
Get Scalable: The Operating System Your Business Needs To Run and Scale Without You,Ryan Deiss,$16.99,4.6 out of 5 stars,https://www.amazon.com#
N/A,N/A,N/A,N/A,N/A
Do or Die: Transform Your Survival Instinct Into a Winner’s Mindset,Matan Nistor,$9.99,4.9 out of 5 stars,https://www.amazon.com#
"A1 Coaching Plan - Tactics Of The World's Highest-Paid Coach: Build 7-Figure Coaching, Consulting, Or Any Other Expert Business",Mr Magic Leone,$18.99,4.6 out of 5 stars,https://www.amazon.com#
N/A,N/A,N/A,N/A,N/A
N/A,Visit the help section,N/A,N/A,https://www.amazon.com/gp/help/customer/display.html?nodeId=468556
N/A,N/A,N/A,N/A,N/A
N/A,N/A,N/A,N/A,N/A
The Sales Skills Book: A Concise Introduction to the Art of Selling,Gerald Zankl,$14.99,4.9 out of 5 stars,https://www.amazon.com#
Do or Die: Transform Your Survival Instinct Into a Winner’s Mindset,Matan Nistor,$9.99,4.9 out of 5 stars,https://www.amazon.com#
N/A,N/A,N/A,N/A,N/A
The Exiled: A Web of Lies Book 1,Jason Leigh Smith,$15.99,4.4 out of 5 stars,https://www.amazon.com#
The Furies,Corey Croft,$15.99,5.0 out of 5 stars,https://www.amazon.com#
Give to Grow: Invest in Relationships to Build Your Business and Your Career,Hardcover,$22.89,5.0 out of 5 stars,https://www.amazon.comhttps://aax-us-iad.amazon.com/x/c/JHUwB6c2553fF8ss-tGCGUUAAAGRvInW9AEAAAH2AQBvbm9fdHhuX2JpZDQgICBvbm9fdHhuX2ltcDEgICD4Rmd1/https://www.amazon.com/Give-Grow-Invest-Relationships-Business/dp/1959472100/ref=sxbs_sbv_search_btf?content-id=amzn1.sym.805ca70d-e057-4820-b9b3-729eee71f8a9%3Aamzn1.sym.805ca70d-e057-4820-b9b3-729eee71f8a9&cv_ct_cx=boiks&dib=eyJ2IjoiMSJ9.3AG6L5w9U5M-p_FskzKfpg.rKx1b6Bmqr4GO6st_yuficnMXy98VGDdUB23Qyv7_U0&dib_tag=se&keywords=boiks&pd_rd_i=1959472100&pd_rd_r=918f3b75-c2b8-42b9-af65-270663ff6ae8&pd_rd_w=mkzLo&pd_rd_wg=hHkSh&pf_rd_p=805ca70d-e057-4820-b9b3-729eee71f8a9&pf_rd_r=MWA1GQ5JT7TZR6TG4GW4&qid=1725445035&sbo=RZvfv%2F%2FHxDF%2BO5021pAnSA%3D%3D&sr=1-113-48f7baba-8e26-45f3-8811-e1a601ad20bf
N/A,N/A,N/A,N/A,N/A
N/A,Visit the help section,N/A,N/A,https://www.amazon.com/gp/help/customer/display.html?nodeId=468556
N/A,N/A,N/A,N/A,N/A
The Sales Skills Book: A Concise Introduction to the Art of Selling,Gerald Zankl,$14.99,4.9 out of 5 stars,https://www.amazon.com#
"Boom!: Leadership that Breaks Barriers, Challenges Convention, and Ignites Innovation","John ""Dragon"" Teichert",$22.00,5.0 out of 5 stars,https://www.amazon.com#
N/A,N/A,N/A,N/A,N/A
N/A,N/A,N/A,N/A,N/A
Do or Die: Transform Your Survival Instinct Into a Winner’s Mindset,Matan Nistor,$9.99,4.9 out of 5 stars,https://www.amazon.com#
The Furies,Corey Croft,$15.99,5.0 out of 5 stars,https://www.amazon.com#
N/A,N/A,N/A,N/A,N/A
N/A,Visit the help section,N/A,N/A,https://www.amazon.com/gp/help/customer/display.html?nodeId=468556
N/A,N/A,N/A,N/A,N/A
If He Had Been with Me,Laura Nowlin,$7.27,4.2 out of 5 stars,https://www.amazon.com/If-He-Had-Been-Me/dp/1728205484/ref=sr_1_1?dib=eyJ2IjoiMSJ9.0gCsINxCIfh2bSsS85KJRDB2WBcH8GUPBtvVYmBMORVezYhOwAP6oHsHZ5hgX_m6ush6TEbpnaSAP_rpb_uM_20fGyM5FrqKBRPnQ7ySDZBKZFsAEPVqPGgOAXg8M0ulpgwyYBDmuqwTbOc1o066PSSwWMfOIsa1RWrkzsODmC5yXnpD0Sm64_gk25fZVYAZkooNoF2UIyTU6rDYULOkqBimGigo-B_eFAXbFEgflGI.nq4fAx9sCFiaPJsQ0eghnwX7WFVZcBTszUA0ohONU7Y&dib_tag=se&keywords=boiks&qid=1725445166&sr=8-1
Lessons from the Greatest Stock Traders of All Time: Proven Strategies Active Traders Can Use Today to Beat the Markets,John Boik,$14.73,4.7 out of 5 stars,https://www.amazon.com/Lessons-Greatest-Stock-Traders-Time/dp/0071437886/ref=sr_1_2?dib=eyJ2IjoiMSJ9.0gCsINxCIfh2bSsS85KJRDB2WBcH8GUPBtvVYmBMORVezYhOwAP6oHsHZ5hgX_m6ush6TEbpnaSAP_rpb_uM_20fGyM5FrqKBRPnQ7ySDZBKZFsAEPVqPGgOAXg8M0ulpgwyYBDmuqwTbOc1o066PSSwWMfOIsa1RWrkzsODmC5yXnpD0Sm64_gk25fZVYAZkooNoF2UIyTU6rDYULOkqBimGigo-B_eFAXbFEgflGI.nq4fAx9sCFiaPJsQ0eghnwX7WFVZcBTszUA0ohONU7Y&dib_tag=se&keywords=boiks&qid=1725445166&sr=8-2
How Legendary Traders Made Millions: Profiting From the Investment Strategies of the Gretest Traders of All time,John Boik,$15.55,4.6 out of 5 stars,https://www.amazon.com/How-Legendary-Traders-Made-Millions-ebook/dp/B000JMKQNU/ref=sr_1_3?dib=eyJ2IjoiMSJ9.0gCsINxCIfh2bSsS85KJRDB2WBcH8GUPBtvVYmBMORVezYhOwAP6oHsHZ5hgX_m6ush6TEbpnaSAP_rpb_uM_20fGyM5FrqKBRPnQ7ySDZBKZFsAEPVqPGgOAXg8M0ulpgwyYBDmuqwTbOc1o066PSSwWMfOIsa1RWrkzsODmC5yXnpD0Sm64_gk25fZVYAZkooNoF2UIyTU6rDYULOkqBimGigo-B_eFAXbFEgflGI.nq4fAx9sCFiaPJsQ0eghnwX7WFVZcBTszUA0ohONU7Y&dib_tag=se&keywords=boiks&qid=1725445166&sr=8-3
N/A,N/A,N/A,N/A,N/A
The Outsiders,S. E. Hinton,$9.49,4.7 out of 5 stars,https://www.amazon.com/gp/bestsellers/books/10368564011/ref=sr_bs_3_10368564011_1
"Life Skills for Kids: How to Cook, Clean, Make Friends, Handle Emergencies, Set Goals, Make Good Decisions, and Everything in Between",Karen Harris,$11.29,4.5 out of 5 stars,https://www.amazon.com/Life-Skills-Kids-Emergencies-Everything/dp/1951806441/ref=sr_1_5?dib=eyJ2IjoiMSJ9.0gCsINxCIfh2bSsS85KJRDB2WBcH8GUPBtvVYmBMORVezYhOwAP6oHsHZ5hgX_m6ush6TEbpnaSAP_rpb_uM_20fGyM5FrqKBRPnQ7ySDZBKZFsAEPVqPGgOAXg8M0ulpgwyYBDmuqwTbOc1o066PSSwWMfOIsa1RWrkzsODmC5yXnpD0Sm64_gk25fZVYAZkooNoF2UIyTU6rDYULOkqBimGigo-B_eFAXbFEgflGI.nq4fAx9sCFiaPJsQ0eghnwX7WFVZcBTszUA0ohONU7Y&dib_tag=se&keywords=boiks&qid=1725445166&sr=8-5
"Monster Stocks: How They Set Up, Run Up, Top and Make You Money",John Boik,$31.36,4.3 out of 5 stars,https://www.amazon.com/Monster-Stocks-They-Make-Money/dp/0071494715/ref=sr_1_6?dib=eyJ2IjoiMSJ9.0gCsINxCIfh2bSsS85KJRDB2WBcH8GUPBtvVYmBMORVezYhOwAP6oHsHZ5hgX_m6ush6TEbpnaSAP_rpb_uM_20fGyM5FrqKBRPnQ7ySDZBKZFsAEPVqPGgOAXg8M0ulpgwyYBDmuqwTbOc1o066PSSwWMfOIsa1RWrkzsODmC5yXnpD0Sm64_gk25fZVYAZkooNoF2UIyTU6rDYULOkqBimGigo-B_eFAXbFEgflGI.nq4fAx9sCFiaPJsQ0eghnwX7WFVZcBTszUA0ohONU7Y&dib_tag=se&keywords=boiks&qid=1725445166&sr=8-6
Monster Stock Lessons: 2020-2021,John Boik,$18.95,4.2 out of 5 stars,https://www.amazon.com/Monster-Stock-Lessons-John-Boik/dp/B09V561YJV/ref=sr_1_7?dib=eyJ2IjoiMSJ9.0gCsINxCIfh2bSsS85KJRDB2WBcH8GUPBtvVYmBMORVezYhOwAP6oHsHZ5hgX_m6ush6TEbpnaSAP_rpb_uM_20fGyM5FrqKBRPnQ7ySDZBKZFsAEPVqPGgOAXg8M0ulpgwyYBDmuqwTbOc1o066PSSwWMfOIsa1RWrkzsODmC5yXnpD0Sm64_gk25fZVYAZkooNoF2UIyTU6rDYULOkqBimGigo-B_eFAXbFEgflGI.nq4fAx9sCFiaPJsQ0eghnwX7WFVZcBTszUA0ohONU7Y&dib_tag=se&keywords=boiks&qid=1725445166&sr=8-7
I Love You More - Children's Padded Board Book,Little Hippo Books,$9.05,4.9 out of 5 stars,https://www.amazon.com/Love-You-More-Childrens-Padded/dp/1951356136/ref=sr_1_8?dib=eyJ2IjoiMSJ9.0gCsINxCIfh2bSsS85KJRDB2WBcH8GUPBtvVYmBMORVezYhOwAP6oHsHZ5hgX_m6ush6TEbpnaSAP_rpb_uM_20fGyM5FrqKBRPnQ7ySDZBKZFsAEPVqPGgOAXg8M0ulpgwyYBDmuqwTbOc1o066PSSwWMfOIsa1RWrkzsODmC5yXnpD0Sm64_gk25fZVYAZkooNoF2UIyTU6rDYULOkqBimGigo-B_eFAXbFEgflGI.nq4fAx9sCFiaPJsQ0eghnwX7WFVZcBTszUA0ohONU7Y&dib_tag=se&keywords=boiks&qid=1725445166&sr=8-8
The Silent Patient,Audible Audiobook,$0.00,4.4 out of 5 stars,https://www.amazon.com/kindle-dbs/books-category/browse-redirect/?ref=ess_dp_epicks&node=17276798011
Diary of a Schizophrenic,Bethany Boik,$17.93,5.0 out of 5 stars,https://www.amazon.com/Diary-Schizophrenic-Bethany-Boik/dp/1956879420/ref=sr_1_10?dib=eyJ2IjoiMSJ9.0gCsINxCIfh2bSsS85KJRDB2WBcH8GUPBtvVYmBMORVezYhOwAP6oHsHZ5hgX_m6ush6TEbpnaSAP_rpb_uM_20fGyM5FrqKBRPnQ7ySDZBKZFsAEPVqPGgOAXg8M0ulpgwyYBDmuqwTbOc1o066PSSwWMfOIsa1RWrkzsODmC5yXnpD0Sm64_gk25fZVYAZkooNoF2UIyTU6rDYULOkqBimGigo-B_eFAXbFEgflGI.nq4fAx9sCFiaPJsQ0eghnwX7WFVZcBTszUA0ohONU7Y&dib_tag=se&keywords=boiks&qid=1725445166&sr=8-10
Love Is a Mental Illness,Franco Cardiello,$9.99,4.4 out of 5 stars,https://www.amazon.com/Love-Mental-Illness-Franco-Cardiello/dp/B09TV571B3/ref=sr_1_11?dib=eyJ2IjoiMSJ9.0gCsINxCIfh2bSsS85KJRDB2WBcH8GUPBtvVYmBMORVezYhOwAP6oHsHZ5hgX_m6ush6TEbpnaSAP_rpb_uM_20fGyM5FrqKBRPnQ7ySDZBKZFsAEPVqPGgOAXg8M0ulpgwyYBDmuqwTbOc1o066PSSwWMfOIsa1RWrkzsODmC5yXnpD0Sm64_gk25fZVYAZkooNoF2UIyTU6rDYULOkqBimGigo-B_eFAXbFEgflGI.nq4fAx9sCFiaPJsQ0eghnwX7WFVZcBTszUA0ohONU7Y&dib_tag=se&keywords=boiks&qid=1725445166&sr=8-11
Cancer & Natural Medicine: A Textbook of Basic Science and Clinical Research,John Boik,N/A,5.0 out of 5 stars,https://www.amazon.com/Cancer-Natural-Medicine-Textbook-Clinical/dp/0964828006/ref=sr_1_12?dib=eyJ2IjoiMSJ9.0gCsINxCIfh2bSsS85KJRDB2WBcH8GUPBtvVYmBMORVezYhOwAP6oHsHZ5hgX_m6ush6TEbpnaSAP_rpb_uM_20fGyM5FrqKBRPnQ7ySDZBKZFsAEPVqPGgOAXg8M0ulpgwyYBDmuqwTbOc1o066PSSwWMfOIsa1RWrkzsODmC5yXnpD0Sm64_gk25fZVYAZkooNoF2UIyTU6rDYULOkqBimGigo-B_eFAXbFEgflGI.nq4fAx9sCFiaPJsQ0eghnwX7WFVZcBTszUA0ohONU7Y&dib_tag=se&keywords=boiks&qid=1725445166&sr=8-12
Listening to My Body: A guide to helping kids understand the connection between their sensations (what the heck are those?) and feelings so that they can get better at figuring out what they need.,Gabi Garcia,$11.66,4.7 out of 5 stars,https://www.amazon.com/Listening-Body-understand-connection-sensations/dp/099895800X/ref=sr_1_13?dib=eyJ2IjoiMSJ9.0gCsINxCIfh2bSsS85KJRDB2WBcH8GUPBtvVYmBMORVezYhOwAP6oHsHZ5hgX_m6ush6TEbpnaSAP_rpb_uM_20fGyM5FrqKBRPnQ7ySDZBKZFsAEPVqPGgOAXg8M0ulpgwyYBDmuqwTbOc1o066PSSwWMfOIsa1RWrkzsODmC5yXnpD0Sm64_gk25fZVYAZkooNoF2UIyTU6rDYULOkqBimGigo-B_eFAXbFEgflGI.nq4fAx9sCFiaPJsQ0eghnwX7WFVZcBTszUA0ohONU7Y&dib_tag=se&keywords=boiks&qid=1725445166&sr=8-13
I Love You to the Moon and Back,Amelia Hepworth,$4.20,4.9 out of 5 stars,https://www.amazon.com/gp/bestsellers/books/3053/ref=sr_bs_13_3053_1
Burn After Writing,Sharon Jones,$7.39,4.6 out of 5 stars,https://www.amazon.com/Burn-After-Writing-Sharon-Jones/dp/0399175210/ref=sr_1_15?dib=eyJ2IjoiMSJ9.0gCsINxCIfh2bSsS85KJRDB2WBcH8GUPBtvVYmBMORVezYhOwAP6oHsHZ5hgX_m6ush6TEbpnaSAP_rpb_uM_20fGyM5FrqKBRPnQ7ySDZBKZFsAEPVqPGgOAXg8M0ulpgwyYBDmuqwTbOc1o066PSSwWMfOIsa1RWrkzsODmC5yXnpD0Sm64_gk25fZVYAZkooNoF2UIyTU6rDYULOkqBimGigo-B_eFAXbFEgflGI.nq4fAx9sCFiaPJsQ0eghnwX7WFVZcBTszUA0ohONU7Y&dib_tag=se&keywords=boiks&qid=1725445166&sr=8-15
"The Old Fashioned Christmas Coloring Book: Coloring Book For Adults Men Women To Stress Relief With 30+ Illustrations, Great Gift For Mom Dad Have Christmas Birthday",David JH Dylan,$7.99,N/A,https://www.amazon.com/Fashioned-Christmas-Coloring-Book-Illustrations/dp/B0CHDDMVF8/ref=sr_1_16?dib=eyJ2IjoiMSJ9.0gCsINxCIfh2bSsS85KJRDB2WBcH8GUPBtvVYmBMORVezYhOwAP6oHsHZ5hgX_m6ush6TEbpnaSAP_rpb_uM_20fGyM5FrqKBRPnQ7ySDZBKZFsAEPVqPGgOAXg8M0ulpgwyYBDmuqwTbOc1o066PSSwWMfOIsa1RWrkzsODmC5yXnpD0Sm64_gk25fZVYAZkooNoF2UIyTU6rDYULOkqBimGigo-B_eFAXbFEgflGI.nq4fAx9sCFiaPJsQ0eghnwX7WFVZcBTszUA0ohONU7Y&dib_tag=se&keywords=boiks&qid=1725445166&sr=8-16
The Sales Skills Book: A Concise Introduction to the Art of Selling,Gerald Zankl,$14.99,4.9 out of 5 stars,https://www.amazon.com#
A Game Most Foul,Alison Gervais,$10.99,3.7 out of 5 stars,https://www.amazon.com#
A Lie for a Lie (An @Revenge Story),Jane Buckingham,$20.33,4.5 out of 5 stars,https://www.amazon.com#
N/A,N/A,N/A,N/A,N/A
N/A,N/A,N/A,N/A,N/A
N/A,Visit the help section,N/A,N/A,https://www.amazon.com/gp/help/customer/display.html?nodeId=468556
N/A,N/A,N/A,N/A,N/A
N/A,N/A,N/A,N/A,N/A
The Sales Skills Book: A Concise Introduction to the Art of Selling,Gerald Zankl,$14.99,4.9 out of 5 stars,https://www.amazon.com#
"A1 Coaching Plan - Tactics Of The World's Highest-Paid Coach: Build 7-Figure Coaching, Consulting, Or Any Other Expert Business",Mr Magic Leone,$18.99,4.6 out of 5 stars,https://www.amazon.com#
"Orders, Decorations, and Medals of the Democratic People's Republic of Korea",William A. Boik,N/A,5.0 out of 5 stars,https://www.amazon.com/Orders-Decorations-Democratic-Peoples-Republic/dp/0615190871/ref=sr_1_19?dib=eyJ2IjoiMSJ9.w2dAPXOqJ7YCYJ8tHEbujJfnJWWEm_nKHuvmIa1ElZkJTpHWa5qiIu_ilJuTEarRFZiIsxLKyaQkOpTChLDyZL-B6LpIs9en5uhZPtYFbyTpON_zdlzvs-IbTR6VUSWjw3vqJXfcpvUQkHvAJdksrT0mi0c9SFuAC64aO4b5auahasqgWaomiRPrRh_pARCUOOoMxAcNqdXu0W1XnqcbaDOv1xK_3FYqF3E4XJV5BXM.QjRqHZvNEMlCM69GDjR9A4mR5jkrhxvNoJRgAdCEK-Y&dib_tag=se&keywords=boiks&qid=1725445168&sr=8-19
Sandplay Therapy: A Step-by-Step Manual for Psychotherapists of Diverse Orientations (Norton Professional Books),Barbara Labovitz Boik,$26.75,4.6 out of 5 stars,https://www.amazon.com/Sandplay-Therapy-Step-Step-Psychotherapists/dp/0393703193/ref=sr_1_20?dib=eyJ2IjoiMSJ9.w2dAPXOqJ7YCYJ8tHEbujJfnJWWEm_nKHuvmIa1ElZkJTpHWa5qiIu_ilJuTEarRFZiIsxLKyaQkOpTChLDyZL-B6LpIs9en5uhZPtYFbyTpON_zdlzvs-IbTR6VUSWjw3vqJXfcpvUQkHvAJdksrT0mi0c9SFuAC64aO4b5auahasqgWaomiRPrRh_pARCUOOoMxAcNqdXu0W1XnqcbaDOv1xK_3FYqF3E4XJV5BXM.QjRqHZvNEMlCM69GDjR9A4mR5jkrhxvNoJRgAdCEK-Y&dib_tag=se&keywords=boiks&qid=1725445168&sr=8-20
Natural Compounds in Cancer Therapy: Promising Nontoxic Antitumor Agents From Plants & Other Natural Sources,John C. Boik,$32.00,4.6 out of 5 stars,https://www.amazon.com/Natural-Compounds-Cancer-Therapy-Promising/dp/0964828014/ref=sr_1_21?dib=eyJ2IjoiMSJ9.w2dAPXOqJ7YCYJ8tHEbujJfnJWWEm_nKHuvmIa1ElZkJTpHWa5qiIu_ilJuTEarRFZiIsxLKyaQkOpTChLDyZL-B6LpIs9en5uhZPtYFbyTpON_zdlzvs-IbTR6VUSWjw3vqJXfcpvUQkHvAJdksrT0mi0c9SFuAC64aO4b5auahasqgWaomiRPrRh_pARCUOOoMxAcNqdXu0W1XnqcbaDOv1xK_3FYqF3E4XJV5BXM.QjRqHZvNEMlCM69GDjR9A4mR5jkrhxvNoJRgAdCEK-Y&dib_tag=se&keywords=boiks&qid=1725445168&sr=8-21
N/A,N/A,N/A,N/A,N/A
ABC & 123 Learning Songs: Interactive Children's Sound Book (11 Button Sound) (11 Button Sound Book),Scarlett Wing,$11.49,4.6 out of 5 stars,https://www.amazon.com/ABC-123-Learning-Songs-Interactive/dp/1680521470/ref=sr_1_22?dib=eyJ2IjoiMSJ9.w2dAPXOqJ7YCYJ8tHEbujJfnJWWEm_nKHuvmIa1ElZkJTpHWa5qiIu_ilJuTEarRFZiIsxLKyaQkOpTChLDyZL-B6LpIs9en5uhZPtYFbyTpON_zdlzvs-IbTR6VUSWjw3vqJXfcpvUQkHvAJdksrT0mi0c9SFuAC64aO4b5auahasqgWaomiRPrRh_pARCUOOoMxAcNqdXu0W1XnqcbaDOv1xK_3FYqF3E4XJV5BXM.QjRqHZvNEMlCM69GDjR9A4mR5jkrhxvNoJRgAdCEK-Y&dib_tag=se&keywords=boiks&qid=1725445168&sr=8-22
Economic Direct Democracy: A Framework to End Poverty and Maximize Well-Being,John C. Boik,$9.99,4.3 out of 5 stars,https://www.amazon.com/Economic-Direct-Democracy-Framework-Well-Being-ebook/dp/B00KNOQ872/ref=sr_1_23?dib=eyJ2IjoiMSJ9.w2dAPXOqJ7YCYJ8tHEbujJfnJWWEm_nKHuvmIa1ElZkJTpHWa5qiIu_ilJuTEarRFZiIsxLKyaQkOpTChLDyZL-B6LpIs9en5uhZPtYFbyTpON_zdlzvs-IbTR6VUSWjw3vqJXfcpvUQkHvAJdksrT0mi0c9SFuAC64aO4b5auahasqgWaomiRPrRh_pARCUOOoMxAcNqdXu0W1XnqcbaDOv1xK_3FYqF3E4XJV5BXM.QjRqHZvNEMlCM69GDjR9A4mR5jkrhxvNoJRgAdCEK-Y&dib_tag=se&keywords=boiks&qid=1725445168&sr=8-23
"What May Seem True, May Not Be, Or Is It?: 11 Unusual Short Stories",R L Boik,$7.99,5.0 out of 5 stars,https://www.amazon.com/What-May-Seem-True-Not/dp/B099VF4LD6/ref=sr_1_24?dib=eyJ2IjoiMSJ9.w2dAPXOqJ7YCYJ8tHEbujJfnJWWEm_nKHuvmIa1ElZkJTpHWa5qiIu_ilJuTEarRFZiIsxLKyaQkOpTChLDyZL-B6LpIs9en5uhZPtYFbyTpON_zdlzvs-IbTR6VUSWjw3vqJXfcpvUQkHvAJdksrT0mi0c9SFuAC64aO4b5auahasqgWaomiRPrRh_pARCUOOoMxAcNqdXu0W1XnqcbaDOv1xK_3FYqF3E4XJV5BXM.QjRqHZvNEMlCM69GDjR9A4mR5jkrhxvNoJRgAdCEK-Y&dib_tag=se&keywords=boiks&qid=1725445168&sr=8-24
Lucas' Birthday Party,Kindle,$8.95,N/A,https://www.amazon.com/Lucas-Birthday-Party-Nicole-Boik-ebook/dp/B09DXNXCSV/ref=sr_1_25?dib=eyJ2IjoiMSJ9.w2dAPXOqJ7YCYJ8tHEbujJfnJWWEm_nKHuvmIa1ElZkJTpHWa5qiIu_ilJuTEarRFZiIsxLKyaQkOpTChLDyZL-B6LpIs9en5uhZPtYFbyTpON_zdlzvs-IbTR6VUSWjw3vqJXfcpvUQkHvAJdksrT0mi0c9SFuAC64aO4b5auahasqgWaomiRPrRh_pARCUOOoMxAcNqdXu0W1XnqcbaDOv1xK_3FYqF3E4XJV5BXM.QjRqHZvNEMlCM69GDjR9A4mR5jkrhxvNoJRgAdCEK-Y&dib_tag=se&keywords=boiks&qid=1725445168&sr=8-25
Beginning Band Book 3,Paperback,$12.99,N/A,https://www.amazon.com/Beginning-Band-Book-3/dp/0849775892/ref=sr_1_26?dib=eyJ2IjoiMSJ9.w2dAPXOqJ7YCYJ8tHEbujJfnJWWEm_nKHuvmIa1ElZkJTpHWa5qiIu_ilJuTEarRFZiIsxLKyaQkOpTChLDyZL-B6LpIs9en5uhZPtYFbyTpON_zdlzvs-IbTR6VUSWjw3vqJXfcpvUQkHvAJdksrT0mi0c9SFuAC64aO4b5auahasqgWaomiRPrRh_pARCUOOoMxAcNqdXu0W1XnqcbaDOv1xK_3FYqF3E4XJV5BXM.QjRqHZvNEMlCM69GDjR9A4mR5jkrhxvNoJRgAdCEK-Y&dib_tag=se&keywords=boiks&qid=1725445168&sr=8-26
What is the future of Our Nation,Podcast,$0.00,N/A,https://www.amazon.com/What-future-Our-Nation/dp/B0B82VTYPQ/ref=sr_1_27?dib=eyJ2IjoiMSJ9.w2dAPXOqJ7YCYJ8tHEbujJfnJWWEm_nKHuvmIa1ElZkJTpHWa5qiIu_ilJuTEarRFZiIsxLKyaQkOpTChLDyZL-B6LpIs9en5uhZPtYFbyTpON_zdlzvs-IbTR6VUSWjw3vqJXfcpvUQkHvAJdksrT0mi0c9SFuAC64aO4b5auahasqgWaomiRPrRh_pARCUOOoMxAcNqdXu0W1XnqcbaDOv1xK_3FYqF3E4XJV5BXM.QjRqHZvNEMlCM69GDjR9A4mR5jkrhxvNoJRgAdCEK-Y&dib_tag=se&keywords=boiks&qid=1725445168&sr=8-27
"Understanding the North Korea problem : why it has become the ""land of lousy options"" / William Boik. 2011 [Leather Bound]",William A. Boik,$15.69,3.5 out of 5 stars,https://www.amazon.com/Understanding-North-Korea-problem-options/dp/B0BLN1RSH7/ref=sr_1_28?dib=eyJ2IjoiMSJ9.w2dAPXOqJ7YCYJ8tHEbujJfnJWWEm_nKHuvmIa1ElZkJTpHWa5qiIu_ilJuTEarRFZiIsxLKyaQkOpTChLDyZL-B6LpIs9en5uhZPtYFbyTpON_zdlzvs-IbTR6VUSWjw3vqJXfcpvUQkHvAJdksrT0mi0c9SFuAC64aO4b5auahasqgWaomiRPrRh_pARCUOOoMxAcNqdXu0W1XnqcbaDOv1xK_3FYqF3E4XJV5BXM.QjRqHZvNEMlCM69GDjR9A4mR5jkrhxvNoJRgAdCEK-Y&dib_tag=se&keywords=boiks&qid=1725445168&sr=8-28
My Journal,Paperback,$6.99,N/A,https://www.amazon.com/My-Journal-Journey-boik/dp/B0CKN5K1CK/ref=sr_1_29?dib=eyJ2IjoiMSJ9.w2dAPXOqJ7YCYJ8tHEbujJfnJWWEm_nKHuvmIa1ElZkJTpHWa5qiIu_ilJuTEarRFZiIsxLKyaQkOpTChLDyZL-B6LpIs9en5uhZPtYFbyTpON_zdlzvs-IbTR6VUSWjw3vqJXfcpvUQkHvAJdksrT0mi0c9SFuAC64aO4b5auahasqgWaomiRPrRh_pARCUOOoMxAcNqdXu0W1XnqcbaDOv1xK_3FYqF3E4XJV5BXM.QjRqHZvNEMlCM69GDjR9A4mR5jkrhxvNoJRgAdCEK-Y&dib_tag=se&keywords=boiks&qid=1725445168&sr=8-29
"Steve Irwin (Little People, BIG DREAMS, 104)",Maria Isabel Sanchez Vegara,$12.24,4.8 out of 5 stars,https://www.amazon.com/Steve-Irwin-Little-People-DREAMS/dp/0711285659/ref=sr_1_30?dib=eyJ2IjoiMSJ9.w2dAPXOqJ7YCYJ8tHEbujJfnJWWEm_nKHuvmIa1ElZkJTpHWa5qiIu_ilJuTEarRFZiIsxLKyaQkOpTChLDyZL-B6LpIs9en5uhZPtYFbyTpON_zdlzvs-IbTR6VUSWjw3vqJXfcpvUQkHvAJdksrT0mi0c9SFuAC64aO4b5auahasqgWaomiRPrRh_pARCUOOoMxAcNqdXu0W1XnqcbaDOv1xK_3FYqF3E4XJV5BXM.QjRqHZvNEMlCM69GDjR9A4mR5jkrhxvNoJRgAdCEK-Y&dib_tag=se&keywords=boiks&qid=1725445168&sr=8-30
"Orders, Decorations, and Medals of the Russian Federation Since 1991",Paperback,N/A,N/A,https://www.amazon.com/Orders-Decorations-Medals-Russian-Federation/dp/0981610242/ref=sr_1_31?dib=eyJ2IjoiMSJ9.w2dAPXOqJ7YCYJ8tHEbujJfnJWWEm_nKHuvmIa1ElZkJTpHWa5qiIu_ilJuTEarRFZiIsxLKyaQkOpTChLDyZL-B6LpIs9en5uhZPtYFbyTpON_zdlzvs-IbTR6VUSWjw3vqJXfcpvUQkHvAJdksrT0mi0c9SFuAC64aO4b5auahasqgWaomiRPrRh_pARCUOOoMxAcNqdXu0W1XnqcbaDOv1xK_3FYqF3E4XJV5BXM.QjRqHZvNEMlCM69GDjR9A4mR5jkrhxvNoJRgAdCEK-Y&dib_tag=se&keywords=boiks&qid=1725445168&sr=8-31
Leçons des maîtres de la Bourse,John Boik,$45.68,5.0 out of 5 stars,https://www.amazon.com/Le%C3%83%C2%A7ons-ma%C3%83%C2%AEtres-Bourse/dp/2909356574/ref=sr_1_32?dib=eyJ2IjoiMSJ9.w2dAPXOqJ7YCYJ8tHEbujJfnJWWEm_nKHuvmIa1ElZkJTpHWa5qiIu_ilJuTEarRFZiIsxLKyaQkOpTChLDyZL-B6LpIs9en5uhZPtYFbyTpON_zdlzvs-IbTR6VUSWjw3vqJXfcpvUQkHvAJdksrT0mi0c9SFuAC64aO4b5auahasqgWaomiRPrRh_pARCUOOoMxAcNqdXu0W1XnqcbaDOv1xK_3FYqF3E4XJV5BXM.QjRqHZvNEMlCM69GDjR9A4mR5jkrhxvNoJRgAdCEK-Y&dib_tag=se&keywords=boiks&qid=1725445168&sr=8-32
Crossword Puzzles Skill Improving Boik,Paperback,$45.00,N/A,https://www.amazon.com/Crossword-Puzzles-Skill-Improving-Boik/dp/B0BJ57K42Z/ref=sr_1_33?dib=eyJ2IjoiMSJ9.w2dAPXOqJ7YCYJ8tHEbujJfnJWWEm_nKHuvmIa1ElZkJTpHWa5qiIu_ilJuTEarRFZiIsxLKyaQkOpTChLDyZL-B6LpIs9en5uhZPtYFbyTpON_zdlzvs-IbTR6VUSWjw3vqJXfcpvUQkHvAJdksrT0mi0c9SFuAC64aO4b5auahasqgWaomiRPrRh_pARCUOOoMxAcNqdXu0W1XnqcbaDOv1xK_3FYqF3E4XJV5BXM.QjRqHZvNEMlCM69GDjR9A4mR5jkrhxvNoJRgAdCEK-Y&dib_tag=se&keywords=boiks&qid=1725445168&sr=8-33
Sabotage: A Dark Enemies to Lovers Romance,Shantel  Tessier,$0.00,4.2 out of 5 stars,https://www.amazon.com/Sabotage-Dark-Enemies-Lovers-Romance-ebook/dp/B09V2J7P9F/ref=sr_1_34?dib=eyJ2IjoiMSJ9.w2dAPXOqJ7YCYJ8tHEbujJfnJWWEm_nKHuvmIa1ElZkJTpHWa5qiIu_ilJuTEarRFZiIsxLKyaQkOpTChLDyZL-B6LpIs9en5uhZPtYFbyTpON_zdlzvs-IbTR6VUSWjw3vqJXfcpvUQkHvAJdksrT0mi0c9SFuAC64aO4b5auahasqgWaomiRPrRh_pARCUOOoMxAcNqdXu0W1XnqcbaDOv1xK_3FYqF3E4XJV5BXM.QjRqHZvNEMlCM69GDjR9A4mR5jkrhxvNoJRgAdCEK-Y&dib_tag=se&keywords=boiks&qid=1725445168&sr=8-34
Inca Trail and Machu Picchu (Alberto's Adventures),Sean Daly,$0.00,4.6 out of 5 stars,https://www.amazon.com#
N/A,N/A,N/A,N/A,N/A
N/A,N/A,N/A,N/A,N/A
N/A,Visit the help section,N/A,N/A,https://www.amazon.com/gp/help/customer/display.html?nodeId=468556
N/A,N/A,N/A,N/A,N/A
N/A,N/A,N/A,N/A,N/A
The Sales Skills Book: A Concise Introduction to the Art of Selling,Gerald Zankl,$14.99,4.9 out of 5 stars,https://www.amazon.com#
Get Scalable: The Operating System Your Business Needs To Run and Scale Without You,Ryan Deiss,$24.93,4.6 out of 5 stars,https://www.amazon.com#
Worth Dying For: A Navy Seal's Call to a Nation,Audible Audiobook,$0.00,4.6 out of 5 stars,https://www.amazon.com/Worth-Dying-For-Navy-Seal-audiobook/dp/B01COQ5KHU/ref=sr_1_35?dib=eyJ2IjoiMSJ9.hLqTx_D49izABQxsaWRS_97ARdN5mSLM5SoZD-vYfL1_33RWEcew8k-FOcqjcRLYCt1t1LV3mf-7aFMPmUmLMbO7A4kKTWskcLep8SR9G1Alv4Fdasfi3DArVqo7NQK_wCM1dwfYOfBNdQnKIoFrNk4hydhFzBtJVZCIzsmrKjisjFbDxGJVJsac2D9Z9rhp-xAv1xH9XCSngbn057Eo-1dd5Bk5V_05CxZimeAyZRM.-KBGkm6l56EqCNpjBIt8JABT_xdaDSSYzYndbJ-6vDM&dib_tag=se&keywords=boiks&qid=1725445170&sr=8-35
Jan Karon's Mitford Cookbook and Kitchen Reader,Jan Karon,$24.01,4.8 out of 5 stars,https://www.amazon.com/Karons-Mitford-Cookbook-Kitchen-Reader/dp/0670032395/ref=sr_1_36?dib=eyJ2IjoiMSJ9.hLqTx_D49izABQxsaWRS_97ARdN5mSLM5SoZD-vYfL1_33RWEcew8k-FOcqjcRLYCt1t1LV3mf-7aFMPmUmLMbO7A4kKTWskcLep8SR9G1Alv4Fdasfi3DArVqo7NQK_wCM1dwfYOfBNdQnKIoFrNk4hydhFzBtJVZCIzsmrKjisjFbDxGJVJsac2D9Z9rhp-xAv1xH9XCSngbn057Eo-1dd5Bk5V_05CxZimeAyZRM.-KBGkm6l56EqCNpjBIt8JABT_xdaDSSYzYndbJ-6vDM&dib_tag=se&keywords=boiks&qid=1725445170&sr=8-36
The African Grey Parrot Handbook (Barron's Pet Handbooks),Mattie Sue Athan,N/A,4.7 out of 5 stars,https://www.amazon.com/African-Parrot-Handbook-Barrons-Handbooks/dp/0764141406/ref=sr_1_37?dib=eyJ2IjoiMSJ9.hLqTx_D49izABQxsaWRS_97ARdN5mSLM5SoZD-vYfL1_33RWEcew8k-FOcqjcRLYCt1t1LV3mf-7aFMPmUmLMbO7A4kKTWskcLep8SR9G1Alv4Fdasfi3DArVqo7NQK_wCM1dwfYOfBNdQnKIoFrNk4hydhFzBtJVZCIzsmrKjisjFbDxGJVJsac2D9Z9rhp-xAv1xH9XCSngbn057Eo-1dd5Bk5V_05CxZimeAyZRM.-KBGkm6l56EqCNpjBIt8JABT_xdaDSSYzYndbJ-6vDM&dib_tag=se&keywords=boiks&qid=1725445170&sr=8-37
N/A,N/A,N/A,N/A,N/A
OÌ„gon no okite : Hasan kaihijutsu,John Boik; Toshiaki Suzuki,$15.21,4.1 out of 5 stars,https://www.amazon.com/O%C3%8C-gon-okite-Hasan-kaihijutsu/dp/4775930745/ref=sr_1_38?dib=eyJ2IjoiMSJ9.hLqTx_D49izABQxsaWRS_97ARdN5mSLM5SoZD-vYfL1_33RWEcew8k-FOcqjcRLYCt1t1LV3mf-7aFMPmUmLMbO7A4kKTWskcLep8SR9G1Alv4Fdasfi3DArVqo7NQK_wCM1dwfYOfBNdQnKIoFrNk4hydhFzBtJVZCIzsmrKjisjFbDxGJVJsac2D9Z9rhp-xAv1xH9XCSngbn057Eo-1dd5Bk5V_05CxZimeAyZRM.-KBGkm6l56EqCNpjBIt8JABT_xdaDSSYzYndbJ-6vDM&dib_tag=se&keywords=boiks&qid=1725445170&sr=8-38
The Jazz Harmony Book,David Berkman,$34.00,4.7 out of 5 stars,https://www.amazon.com/Jazz-Harmony-Book-David-Berkman/dp/1883217792/ref=sr_1_39?dib=eyJ2IjoiMSJ9.hLqTx_D49izABQxsaWRS_97ARdN5mSLM5SoZD-vYfL1_33RWEcew8k-FOcqjcRLYCt1t1LV3mf-7aFMPmUmLMbO7A4kKTWskcLep8SR9G1Alv4Fdasfi3DArVqo7NQK_wCM1dwfYOfBNdQnKIoFrNk4hydhFzBtJVZCIzsmrKjisjFbDxGJVJsac2D9Z9rhp-xAv1xH9XCSngbn057Eo-1dd5Bk5V_05CxZimeAyZRM.-KBGkm6l56EqCNpjBIt8JABT_xdaDSSYzYndbJ-6vDM&dib_tag=se&keywords=boiks&qid=1725445170&sr=8-39
Play Something Dancy,Dee Simon,$4.99,4.0 out of 5 stars,https://www.amazon.com/Play-Something-Dancy-Dee-Simon-ebook/dp/B009SQ1KE2/ref=sr_1_40?dib=eyJ2IjoiMSJ9.hLqTx_D49izABQxsaWRS_97ARdN5mSLM5SoZD-vYfL1_33RWEcew8k-FOcqjcRLYCt1t1LV3mf-7aFMPmUmLMbO7A4kKTWskcLep8SR9G1Alv4Fdasfi3DArVqo7NQK_wCM1dwfYOfBNdQnKIoFrNk4hydhFzBtJVZCIzsmrKjisjFbDxGJVJsac2D9Z9rhp-xAv1xH9XCSngbn057Eo-1dd5Bk5V_05CxZimeAyZRM.-KBGkm6l56EqCNpjBIt8JABT_xdaDSSYzYndbJ-6vDM&dib_tag=se&keywords=boiks&qid=1725445170&sr=8-40
"The Storm Sister: The Seven Sisters, Book 2",Audible Audiobook,$0.00,4.5 out of 5 stars,https://www.amazon.com/Storm-Sister-Seven-Sisters-Book/dp/B09M7FTKSZ/ref=sr_1_41?dib=eyJ2IjoiMSJ9.hLqTx_D49izABQxsaWRS_97ARdN5mSLM5SoZD-vYfL1_33RWEcew8k-FOcqjcRLYCt1t1LV3mf-7aFMPmUmLMbO7A4kKTWskcLep8SR9G1Alv4Fdasfi3DArVqo7NQK_wCM1dwfYOfBNdQnKIoFrNk4hydhFzBtJVZCIzsmrKjisjFbDxGJVJsac2D9Z9rhp-xAv1xH9XCSngbn057Eo-1dd5Bk5V_05CxZimeAyZRM.-KBGkm6l56EqCNpjBIt8JABT_xdaDSSYzYndbJ-6vDM&dib_tag=se&keywords=boiks&qid=1725445170&sr=8-41
CROSSWORD PUZZLE BOOK : 4,Paperback,$25.00,N/A,https://www.amazon.com/CROSSWORD-PUZZLE-BOOK-AJAY-THORAT/dp/B0B3MXWRL1/ref=sr_1_42?dib=eyJ2IjoiMSJ9.hLqTx_D49izABQxsaWRS_97ARdN5mSLM5SoZD-vYfL1_33RWEcew8k-FOcqjcRLYCt1t1LV3mf-7aFMPmUmLMbO7A4kKTWskcLep8SR9G1Alv4Fdasfi3DArVqo7NQK_wCM1dwfYOfBNdQnKIoFrNk4hydhFzBtJVZCIzsmrKjisjFbDxGJVJsac2D9Z9rhp-xAv1xH9XCSngbn057Eo-1dd5Bk5V_05CxZimeAyZRM.-KBGkm6l56EqCNpjBIt8JABT_xdaDSSYzYndbJ-6vDM&dib_tag=se&keywords=boiks&qid=1725445170&sr=8-42
Back to school,Paperback,$50.00,N/A,https://www.amazon.com/Back-school-T-Joshua/dp/B0BBQLGFKR/ref=sr_1_43?dib=eyJ2IjoiMSJ9.hLqTx_D49izABQxsaWRS_97ARdN5mSLM5SoZD-vYfL1_33RWEcew8k-FOcqjcRLYCt1t1LV3mf-7aFMPmUmLMbO7A4kKTWskcLep8SR9G1Alv4Fdasfi3DArVqo7NQK_wCM1dwfYOfBNdQnKIoFrNk4hydhFzBtJVZCIzsmrKjisjFbDxGJVJsac2D9Z9rhp-xAv1xH9XCSngbn057Eo-1dd5Bk5V_05CxZimeAyZRM.-KBGkm6l56EqCNpjBIt8JABT_xdaDSSYzYndbJ-6vDM&dib_tag=se&keywords=boiks&qid=1725445170&sr=8-43
Whiskers & Colors: A Mouse Coloring Adventur,Paperback,$30.00,N/A,https://www.amazon.com/Whiskers-Colors-Mouse-Coloring-Adventur/dp/B0D3WXZZ3M/ref=sr_1_44?dib=eyJ2IjoiMSJ9.hLqTx_D49izABQxsaWRS_97ARdN5mSLM5SoZD-vYfL1_33RWEcew8k-FOcqjcRLYCt1t1LV3mf-7aFMPmUmLMbO7A4kKTWskcLep8SR9G1Alv4Fdasfi3DArVqo7NQK_wCM1dwfYOfBNdQnKIoFrNk4hydhFzBtJVZCIzsmrKjisjFbDxGJVJsac2D9Z9rhp-xAv1xH9XCSngbn057Eo-1dd5Bk5V_05CxZimeAyZRM.-KBGkm6l56EqCNpjBIt8JABT_xdaDSSYzYndbJ-6vDM&dib_tag=se&keywords=boiks&qid=1725445170&sr=8-44
all are good : game book,Kindle Edition,$0.99,N/A,https://www.amazon.com/all-are-good-game-book-ebook/dp/B0B93Z2NYF/ref=sr_1_45?dib=eyJ2IjoiMSJ9.hLqTx_D49izABQxsaWRS_97ARdN5mSLM5SoZD-vYfL1_33RWEcew8k-FOcqjcRLYCt1t1LV3mf-7aFMPmUmLMbO7A4kKTWskcLep8SR9G1Alv4Fdasfi3DArVqo7NQK_wCM1dwfYOfBNdQnKIoFrNk4hydhFzBtJVZCIzsmrKjisjFbDxGJVJsac2D9Z9rhp-xAv1xH9XCSngbn057Eo-1dd5Bk5V_05CxZimeAyZRM.-KBGkm6l56EqCNpjBIt8JABT_xdaDSSYzYndbJ-6vDM&dib_tag=se&keywords=boiks&qid=1725445170&sr=8-45
Talanti Boik³vshini. Na Ukrainskom Iazyke.,Hardcover,N/A,N/A,https://www.amazon.com/Talanti-Boik%C2%B3vshini-Na-Ukrainskom-Iazyke/dp/B01FCPCZSW/ref=sr_1_46?dib=eyJ2IjoiMSJ9.hLqTx_D49izABQxsaWRS_97ARdN5mSLM5SoZD-vYfL1_33RWEcew8k-FOcqjcRLYCt1t1LV3mf-7aFMPmUmLMbO7A4kKTWskcLep8SR9G1Alv4Fdasfi3DArVqo7NQK_wCM1dwfYOfBNdQnKIoFrNk4hydhFzBtJVZCIzsmrKjisjFbDxGJVJsac2D9Z9rhp-xAv1xH9XCSngbn057Eo-1dd5Bk5V_05CxZimeAyZRM.-KBGkm6l56EqCNpjBIt8JABT_xdaDSSYzYndbJ-6vDM&dib_tag=se&keywords=boiks&qid=1725445170&sr=8-46
The Hour Of Positive Change : Words That Energized The Future,Chrissaint  Trivett,$3.95,N/A,https://www.amazon.com/Hour-Positive-Change-Energized-Future-ebook/dp/B0BQBB5TPY/ref=sr_1_47?dib=eyJ2IjoiMSJ9.hLqTx_D49izABQxsaWRS_97ARdN5mSLM5SoZD-vYfL1_33RWEcew8k-FOcqjcRLYCt1t1LV3mf-7aFMPmUmLMbO7A4kKTWskcLep8SR9G1Alv4Fdasfi3DArVqo7NQK_wCM1dwfYOfBNdQnKIoFrNk4hydhFzBtJVZCIzsmrKjisjFbDxGJVJsac2D9Z9rhp-xAv1xH9XCSngbn057Eo-1dd5Bk5V_05CxZimeAyZRM.-KBGkm6l56EqCNpjBIt8JABT_xdaDSSYzYndbJ-6vDM&dib_tag=se&keywords=boiks&qid=1725445170&sr=8-47
"Perezhite osobisto, abo M³tla. Na Ukrainskom Iazyke. Spogadi.",Hardcover,N/A,N/A,https://www.amazon.com/Perezhite-osobisto-Ukrainskom-Iazyke-Spogadi/dp/B01FCPF9CG/ref=sr_1_48?dib=eyJ2IjoiMSJ9.hLqTx_D49izABQxsaWRS_97ARdN5mSLM5SoZD-vYfL1_33RWEcew8k-FOcqjcRLYCt1t1LV3mf-7aFMPmUmLMbO7A4kKTWskcLep8SR9G1Alv4Fdasfi3DArVqo7NQK_wCM1dwfYOfBNdQnKIoFrNk4hydhFzBtJVZCIzsmrKjisjFbDxGJVJsac2D9Z9rhp-xAv1xH9XCSngbn057Eo-1dd5Bk5V_05CxZimeAyZRM.-KBGkm6l56EqCNpjBIt8JABT_xdaDSSYzYndbJ-6vDM&dib_tag=se&keywords=boiks&qid=1725445170&sr=8-48
"MILA KUNIS: A Star Journey From Ukraine To Hollywood, Biography, Early Life, And Achievement (America Actress Biography Book 13)",Kindle,$6.00,N/A,https://www.amazon.com/MILA-KUNIS-Hollywood-Biography-Achievement-ebook/dp/B0CV3ZQJ29/ref=sr_1_49?dib=eyJ2IjoiMSJ9.hLqTx_D49izABQxsaWRS_97ARdN5mSLM5SoZD-vYfL1_33RWEcew8k-FOcqjcRLYCt1t1LV3mf-7aFMPmUmLMbO7A4kKTWskcLep8SR9G1Alv4Fdasfi3DArVqo7NQK_wCM1dwfYOfBNdQnKIoFrNk4hydhFzBtJVZCIzsmrKjisjFbDxGJVJsac2D9Z9rhp-xAv1xH9XCSngbn057Eo-1dd5Bk5V_05CxZimeAyZRM.-KBGkm6l56EqCNpjBIt8JABT_xdaDSSYzYndbJ-6vDM&dib_tag=se&keywords=boiks&qid=1725445170&sr=8-49
Happy child coloring book: activity book for children age 2-4,Paperback,$9.79,N/A,https://www.amazon.com/Happy-child-coloring-book-activity/dp/B0B8D5X741/ref=sr_1_50?dib=eyJ2IjoiMSJ9.hLqTx_D49izABQxsaWRS_97ARdN5mSLM5SoZD-vYfL1_33RWEcew8k-FOcqjcRLYCt1t1LV3mf-7aFMPmUmLMbO7A4kKTWskcLep8SR9G1Alv4Fdasfi3DArVqo7NQK_wCM1dwfYOfBNdQnKIoFrNk4hydhFzBtJVZCIzsmrKjisjFbDxGJVJsac2D9Z9rhp-xAv1xH9XCSngbn057Eo-1dd5Bk5V_05CxZimeAyZRM.-KBGkm6l56EqCNpjBIt8JABT_xdaDSSYzYndbJ-6vDM&dib_tag=se&keywords=boiks&qid=1725445170&sr=8-50
N/A,N/A,N/A,N/A,N/A
N/A,N/A,N/A,N/A,N/A
N/A,Visit the help section,N/A,N/A,https://www.amazon.com/gp/help/customer/display.html?nodeId=468556
N/A,N/A,N/A,N/A,N/A
N/A,N/A,N/A,N/A,N/A
N/A,N/A,N/A,N/A,N/A
The Sales Skills Book: A Concise Introduction to the Art of Selling,Gerald Zankl,$14.99,4.9 out of 5 stars,https://www.amazon.com#
"A1 Coaching Plan - Tactics Of The World's Highest-Paid Coach: Build 7-Figure Coaching, Consulting, Or Any Other Expert Business",Mr Magic Leone,$18.99,4.6 out of 5 stars,https://www.amazon.com#
"Animals drawing and coloring book for kids: A coloring and drawing book 100 pages for 3-10 year olds with 50 great animals to color and draw, for little boys and girls",Paperback,$10.00,N/A,https://www.amazon.com/Animals-drawing-coloring-book-kids/dp/B09BSZXYKJ/ref=sr_1_51?dib=eyJ2IjoiMSJ9.JRlc-tkUy4AWO3uNW3vnOtPLMezTu9Rg-rQ3cjZ2wxNOdRbLJYFHdDw0KXKh9PeWDODtj3WfYOyzIw3kgXyetlwzQ-42lz74aMdaDQzBZ49QwXRmN9FvMXYMxwTfA0HtyXMv91dZqsocA5keNolZEw.KFSPMm8GyR-2D2tHs7KGvkdlxe4uL1wy_lcM-98EOv0&dib_tag=se&keywords=boiks&qid=1725445172&sr=8-51
Silly Billy Goes Fishing: short kids stories bedtime tale for children (Silly Billy The Big Bad Wolf),Beata Noemi Balint,$9.80,5.0 out of 5 stars,https://www.amazon.com/Silly-Billy-Goes-Fishing-children/dp/1731049749/ref=sr_1_52?dib=eyJ2IjoiMSJ9.JRlc-tkUy4AWO3uNW3vnOtPLMezTu9Rg-rQ3cjZ2wxNOdRbLJYFHdDw0KXKh9PeWDODtj3WfYOyzIw3kgXyetlwzQ-42lz74aMdaDQzBZ49QwXRmN9FvMXYMxwTfA0HtyXMv91dZqsocA5keNolZEw.KFSPMm8GyR-2D2tHs7KGvkdlxe4uL1wy_lcM-98EOv0&dib_tag=se&keywords=boiks&qid=1725445172&sr=8-52
Maurya Crossword Puzzle Book,Paperback,$25.00,N/A,https://www.amazon.com/Maurya-Crossword-Puzzle-Book-Jitendra/dp/B0B3F1K2CJ/ref=sr_1_53?dib=eyJ2IjoiMSJ9.JRlc-tkUy4AWO3uNW3vnOtPLMezTu9Rg-rQ3cjZ2wxNOdRbLJYFHdDw0KXKh9PeWDODtj3WfYOyzIw3kgXyetlwzQ-42lz74aMdaDQzBZ49QwXRmN9FvMXYMxwTfA0HtyXMv91dZqsocA5keNolZEw.KFSPMm8GyR-2D2tHs7KGvkdlxe4uL1wy_lcM-98EOv0&dib_tag=se&keywords=boiks&qid=1725445172&sr=8-53
N/A,N/A,N/A,N/A,N/A
N/A,N/A,N/A,N/A,N/A
The Hour Of Positive Change : Words That Energized The Future,Chrissaint  Trivett,$3.95,N/A,https://www.amazon.com/Hour-Positive-Change-Energized-Future-ebook/dp/B0BQBB5TPY/ref=sr_1_54?dib=eyJ2IjoiMSJ9.JRlc-tkUy4AWO3uNW3vnOtPLMezTu9Rg-rQ3cjZ2wxNOdRbLJYFHdDw0KXKh9PeWDODtj3WfYOyzIw3kgXyetlwzQ-42lz74aMdaDQzBZ49QwXRmN9FvMXYMxwTfA0HtyXMv91dZqsocA5keNolZEw.KFSPMm8GyR-2D2tHs7KGvkdlxe4uL1wy_lcM-98EOv0&dib_tag=se&keywords=boiks&qid=1725445172&sr=8-54
Happy child coloring book: activity book for children age 2-4,Paperback,$9.79,N/A,https://www.amazon.com/Happy-child-coloring-book-activity/dp/B0B8D5X741/ref=sr_1_55?dib=eyJ2IjoiMSJ9.JRlc-tkUy4AWO3uNW3vnOtPLMezTu9Rg-rQ3cjZ2wxNOdRbLJYFHdDw0KXKh9PeWDODtj3WfYOyzIw3kgXyetlwzQ-42lz74aMdaDQzBZ49QwXRmN9FvMXYMxwTfA0HtyXMv91dZqsocA5keNolZEw.KFSPMm8GyR-2D2tHs7KGvkdlxe4uL1wy_lcM-98EOv0&dib_tag=se&keywords=boiks&qid=1725445172&sr=8-55
Happy days,Paperback,$23.00,N/A,https://www.amazon.com/Happy-days-S-Md-Basha/dp/B09PMBLSHW/ref=sr_1_56?dib=eyJ2IjoiMSJ9.JRlc-tkUy4AWO3uNW3vnOtPLMezTu9Rg-rQ3cjZ2wxNOdRbLJYFHdDw0KXKh9PeWDODtj3WfYOyzIw3kgXyetlwzQ-42lz74aMdaDQzBZ49QwXRmN9FvMXYMxwTfA0HtyXMv91dZqsocA5keNolZEw.KFSPMm8GyR-2D2tHs7KGvkdlxe4uL1wy_lcM-98EOv0&dib_tag=se&keywords=boiks&qid=1725445172&sr=8-56
Discerning the Voice of God: How to Recognize When He Speaks,Priscilla Shirer,$8.07,4.8 out of 5 stars,https://www.amazon.com/Discerning-Voice-God-Recognize-Speaks-ebook/dp/B006ODDU72/ref=sr_1_57?dib=eyJ2IjoiMSJ9.JRlc-tkUy4AWO3uNW3vnOtPLMezTu9Rg-rQ3cjZ2wxNOdRbLJYFHdDw0KXKh9PeWDODtj3WfYOyzIw3kgXyetlwzQ-42lz74aMdaDQzBZ49QwXRmN9FvMXYMxwTfA0HtyXMv91dZqsocA5keNolZEw.KFSPMm8GyR-2D2tHs7KGvkdlxe4uL1wy_lcM-98EOv0&dib_tag=se&keywords=boiks&qid=1725445172&sr=8-57
"MILA KUNIS: A Star Journey From Ukraine To Hollywood, Biography, Early Life, And Achievement (America Actress Biography Book 13)",Kindle,$6.00,N/A,https://www.amazon.com/MILA-KUNIS-Hollywood-Biography-Achievement-ebook/dp/B0CV3ZQJ29/ref=sr_1_58?dib=eyJ2IjoiMSJ9.JRlc-tkUy4AWO3uNW3vnOtPLMezTu9Rg-rQ3cjZ2wxNOdRbLJYFHdDw0KXKh9PeWDODtj3WfYOyzIw3kgXyetlwzQ-42lz74aMdaDQzBZ49QwXRmN9FvMXYMxwTfA0HtyXMv91dZqsocA5keNolZEw.KFSPMm8GyR-2D2tHs7KGvkdlxe4uL1wy_lcM-98EOv0&dib_tag=se&keywords=boiks&qid=1725445172&sr=8-58
CNOR Exam Secrets Study Guide: CNOR Test Review for the CNOR Exam,Paperback,$103.49,4.4 out of 5 stars,https://www.amazon.com/CNOR-Exam-Secrets-Study-Guide/dp/1609710002/ref=sr_1_59?dib=eyJ2IjoiMSJ9.JRlc-tkUy4AWO3uNW3vnOtPLMezTu9Rg-rQ3cjZ2wxNOdRbLJYFHdDw0KXKh9PeWDODtj3WfYOyzIw3kgXyetlwzQ-42lz74aMdaDQzBZ49QwXRmN9FvMXYMxwTfA0HtyXMv91dZqsocA5keNolZEw.KFSPMm8GyR-2D2tHs7KGvkdlxe4uL1wy_lcM-98EOv0&dib_tag=se&keywords=boiks&qid=1725445172&sr=8-59
Something Real,J.J. Murray,$3.99,4.2 out of 5 stars,https://www.amazon.com/Something-Real-J-J-Murray-ebook/dp/B00TE6PDSK/ref=sr_1_60?dib=eyJ2IjoiMSJ9.JRlc-tkUy4AWO3uNW3vnOtPLMezTu9Rg-rQ3cjZ2wxNOdRbLJYFHdDw0KXKh9PeWDODtj3WfYOyzIw3kgXyetlwzQ-42lz74aMdaDQzBZ49QwXRmN9FvMXYMxwTfA0HtyXMv91dZqsocA5keNolZEw.KFSPMm8GyR-2D2tHs7KGvkdlxe4uL1wy_lcM-98EOv0&dib_tag=se&keywords=boiks&qid=1725445172&sr=8-60
"Boom!: Leadership that Breaks Barriers, Challenges Convention, and Ignites Innovation","John ""Dragon"" Teichert",$22.00,5.0 out of 5 stars,https://www.amazon.com#
Make 'Em Beg to Buy From You: 5 Preselling Secrets to Take Even Complete Strangers From Cold to Sold Before You Ever Make an Offer,Travis Sago,$19.99,4.7 out of 5 stars,https://www.amazon.com#
N/A,N/A,N/A,N/A,N/A
N/A,N/A,N/A,N/A,N/A
N/A,Visit the help section,N/A,N/A,https://www.amazon.com/gp/help/customer/display.html?nodeId=468556
N/A,N/A,N/A,N/A,N/A
N/A,N/A,N/A,N/A,N/A
The Sales Skills Book: A Concise Introduction to the Art of Selling,Gerald Zankl,$14.99,4.9 out of 5 stars,https://www.amazon.com#
"A1 Coaching Plan - Tactics Of The World's Highest-Paid Coach: Build 7-Figure Coaching, Consulting, Or Any Other Expert Business",Mr Magic Leone,$18.99,4.6 out of 5 stars,https://www.amazon.com#
N/A,N/A,N/A,N/A,N/A
N/A,N/A,N/A,N/A,N/A
A Game Most Foul (Blink),Alison Gervais,$14.20,3.7 out of 5 stars,https://www.amazon.com#
"Boom!: Leadership that Breaks Barriers, Challenges Convention, and Ignites Innovation","John ""Dragon"" Teichert",$22.00,5.0 out of 5 stars,https://www.amazon.com#
N/A,N/A,N/A,N/A,N/A
N/A,Visit the help section,N/A,N/A,https://www.amazon.com/gp/help/customer/display.html?nodeId=468556
N/A,N/A,N/A,N/A,N/A
The Sales Skills Book: A Concise Introduction to the Art of Selling,Gerald Zankl,$14.99,4.9 out of 5 stars,https://www.amazon.com#
Get Scalable: The Operating System Your Business Needs To Run and Scale Without You,Ryan Deiss,$24.93,4.6 out of 5 stars,https://www.amazon.com#
N/A,N/A,N/A,N/A,N/A
A Game Most Foul (Blink),Alison Gervais,$14.20,3.7 out of 5 stars,https://www.amazon.com#
"A1 Coaching Plan - Tactics Of The World's Highest-Paid Coach: Build 7-Figure Coaching, Consulting, Or Any Other Expert Business",Mr Magic Leone,$18.99,4.6 out of 5 stars,https://www.amazon.com#
N/A,N/A,N/A,N/A,N/A
N/A,Visit the help section,N/A,N/A,https://www.amazon.com/gp/help/customer/display.html?nodeId=468556
N/A,N/A,N/A,N/A,N/A
The Sales Skills Book: A Concise Introduction to the Art of Selling,Gerald Zankl,$14.99,4.9 out of 5 stars,https://www.amazon.com#
Get Scalable: The Operating System Your Business Needs To Run and Scale Without You,Ryan Deiss,$24.93,4.6 out of 5 stars,https://www.amazon.com#
N/A,N/A,N/A,N/A,N/A
"A1 Coaching Plan - Tactics Of The World's Highest-Paid Coach: Build 7-Figure Coaching, Consulting, Or Any Other Expert Business",Mr Magic Leone,$18.99,4.6 out of 5 stars,https://www.amazon.com#
A Game Most Foul (Blink),Alison Gervais,$14.20,3.7 out of 5 stars,https://www.amazon.com#
N/A,N/A,N/A,N/A,N/A
N/A,Visit the help section,N/A,N/A,https://www.amazon.com/gp/help/customer/display.html?nodeId=468556
N/A,N/A,N/A,N/A,N/A
The Sales Skills Book: A Concise Introduction to the Art of Selling,Gerald Zankl,$14.99,4.9 out of 5 stars,https://www.amazon.com#
Get Scalable: The Operating System Your Business Needs To Run and Scale Without You,Ryan Deiss,$24.93,4.6 out of 5 stars,https://www.amazon.com#
N/A,N/A,N/A,N/A,N/A
A Game Most Foul (Blink),Alison Gervais,$14.20,3.7 out of 5 stars,https://www.amazon.com#
"A1 Coaching Plan - Tactics Of The World's Highest-Paid Coach: Build 7-Figure Coaching, Consulting, Or Any Other Expert Business",Mr Magic Leone,$18.99,4.6 out of 5 stars,https://www.amazon.com#
N/A,N/A,N/A,N/A,N/A
N/A,Visit the help section,N/A,N/A,https://www.amazon.com/gp/help/customer/display.html?nodeId=468556
N/A,N/A,N/A,N/A,N/A
Mailed It!: A Guide to Crafting Emails That Build Relationships and Get Results,Ashley Budd,$21.95,5.0 out of 5 stars,https://www.amazon.com#
The Sales Skills Book: A Concise Introduction to the Art of Selling,Gerald Zankl,$14.99,4.9 out of 5 stars,https://www.amazon.com#
N/A,N/A,N/A,N/A,N/A
Do or Die: Transform Your Survival Instinct Into a Winner’s Mindset,Matan Nistor,$9.99,4.9 out of 5 stars,https://www.amazon.com#
"Boom!: Leadership that Breaks Barriers, Challenges Convention, and Ignites Innovation","John ""Dragon"" Teichert",$22.00,5.0 out of 5 stars,https://www.amazon.com#
N/A,N/A,N/A,N/A,N/A
N/A,Visit the help section,N/A,N/A,https://www.amazon.com/gp/help/customer/display.html?nodeId=468556
